"condition","repeat","time_utc","artifact_sha256","players_observed","pigs_in_seed_world","villagers_in_seed_world","tnt_in_seed_world","hopper_rows","redstone_clock_pairs","idle_clients","save_all_interval_seconds","tick_mean_ms","tick_p50_ms","tick_p95_ms","tick_p99_ms","tick_sample_count","sample_cpu_percent_one_core","process_cpu_percent_one_core","working_set_bytes","response"
"without-umce","1","2026-09-27T14:22:41.2226095+00:00",,"100","10081","500","0","16","8","False","0","117,2","92,9","308,4","541,2","100","147,8478449617071","154,81245476584996","1628794880","[16:22:44] [Server thread/WARN]: stress098 moved too quickly! 0.0,0.0,10.25916655285252 [16:22:44] [Server thread/WARN]: stress034 moved too quickly! 0.0,0.0,10.24536739844757 [16:22:45] [Server thread/WARN]: stress014 moved too quickly! 0.0,0.0,10.21686910642859 [16:22:51] [Server thread/INFO]: The game is running, but can't keep up with the target tick rate [16:22:51] [Server thread/INFO]: Target tick rate: 20,0 per second. Average time per tick: 117,2ms (Target: 50,0ms) [16:22:51] [Server thread/INFO]: Percentiles: P50: 92,9ms P95: 308,4ms P99: 541,2ms, sample: 100"
"without-umce","1","2026-09-27T14:22:51.0991537+00:00",,"100","10081","500","0","16","8","False","0","118,4","92,9","308,4","541,2","100","159,70767613278488","154,81245476584996","1628794880","[16:22:57] [Server thread/INFO]: The game is running, but can't keep up with the target tick rate [16:22:57] [Server thread/INFO]: Target tick rate: 20,0 per second. Average time per tick: 118,4ms (Target: 50,0ms) [16:22:57] [Server thread/INFO]: Percentiles: P50: 92,9ms P95: 308,4ms P99: 541,2ms, sample: 100"
"without-umce","1","2026-09-27T14:22:57.4136395+00:00",,"100","10081","500","0","16","8","False","0","119,5","93,5","308,4","541,2","100","138,08078193093297","154,81245476584996","1628794880","[16:23:01] [Server thread/INFO]: The game is running, but can't keep up with the target tick rate [16:23:01] [Server thread/INFO]: Target tick rate: 20,0 per second. Average time per tick: 119,5ms (Target: 50,0ms) [16:23:01] [Server thread/INFO]: Percentiles: P50: 93,5ms P95: 308,4ms P99: 541,2ms, sample: 100"
"without-umce","1","2026-09-27T14:23:01.8268201+00:00",,"100","10081","500","0","16","8","False","0","120,3","93,9","308,4","541,2","100","147,47846775957717","154,81245476584996","1628794880","[16:23:06] [Server thread/INFO]: The game is running, but can't keep up with the target tick rate [16:23:06] [Server thread/INFO]: Target tick rate: 20,0 per second. Average time per tick: 120,3ms (Target: 50,0ms) [16:23:06] [Server thread/INFO]: Percentiles: P50: 93,9ms P95: 308,4ms P99: 541,2ms, sample: 100"
"without-umce","1","2026-09-27T14:23:06.3825765+00:00",,"100","10081","500","0","16","8","False","0","121,2","96,5","308,4","541,2","100","163,46080956173915","154,81245476584996","1628794880","[16:23:23] [Server thread/INFO]: The game is running, but can't keep up with the target tick rate [16:23:23] [Server thread/INFO]: Target tick rate: 20,0 per second. Average time per tick: 121,2ms (Target: 50,0ms) [16:23:23] [Server thread/INFO]: Percentiles: P50: 96,5ms P95: 308,4ms P99: 541,2ms, sample: 100"
"with-umce","1","2026-09-27T14:24:31.6571598+00:00","1eb50fb702881358824526c667271024104dd5c27a9cd35da157bce789abdbb9","100","10081","500","0","16","8","False","0","118","96,5","298,2","509,5","100","136,70667815950597","150,73657787800136","1648300032","[16:24:33] [Server thread/WARN]: stress074 moved too quickly! 0.0,0.0,10.239447335232057 [16:24:33] [Server thread/WARN]: stress082 moved too quickly! 0.0,0.0,10.250075581987403 [16:24:33] [Server thread/WARN]: stress010 moved too quickly! 0.0,0.0,10.227591552811447 [16:24:33] [Server thread/WARN]: stress034 moved too quickly! 0.0,0.0,10.087675993463279 [16:24:37] [Server thread/INFO]: The game is running, but can't keep up with the target tick rate [16:24:37] [Server thread/INFO]: Target tick rate: 20,0 per second. Average time per tick: 118,0ms (Target: 50,0ms) [16:24:37] [Server thread/INFO]: Percentiles: P50: 96,5ms P95: 298,2ms P99: 509,5ms, sample: 100"
"with-umce","1","2026-09-27T14:24:37.1499063+00:00","1eb50fb702881358824526c667271024104dd5c27a9cd35da157bce789abdbb9","100","10081","500","0","16","8","False","0","119","98","298,2","509,5","100","154,4896040855619","150,73657787800136","1648300032","[16:24:45] [Server thread/INFO]: The game is running, but can't keep up with the target tick rate [16:24:45] [Server thread/INFO]: Target tick rate: 20,0 per second. Average time per tick: 119,0ms (Target: 50,0ms) [16:24:45] [Server thread/INFO]: Percentiles: P50: 98,0ms P95: 298,2ms P99: 509,5ms, sample: 100"
"with-umce","1","2026-09-27T14:24:45.4773357+00:00","1eb50fb702881358824526c667271024104dd5c27a9cd35da157bce789abdbb9","100","10081","500","0","16","8","False","0","121,1","98,6","298,2","509,5","100","142,32858168259037","150,73657787800136","1648300032","[16:24:51] [Server thread/INFO]: The game is running, but can't keep up with the target tick rate [16:24:51] [Server thread/INFO]: Target tick rate: 20,0 per second. Average time per tick: 121,1ms (Target: 50,0ms) [16:24:51] [Server thread/INFO]: Percentiles: P50: 98,6ms P95: 298,2ms P99: 509,5ms, sample: 100"
"with-umce","1","2026-09-27T14:24:51.3726068+00:00","1eb50fb702881358824526c667271024104dd5c27a9cd35da157bce789abdbb9","100","10081","500","0","16","8","False","0","122,7","98,6","298,2","509,5","100","161,59197621138816","150,73657787800136","1648300032","[16:24:56] [Server thread/INFO]: The game is running, but can't keep up with the target tick rate [16:24:56] [Server thread/INFO]: Target tick rate: 20,0 per second. Average time per tick: 122,7ms (Target: 50,0ms) [16:24:56] [Server thread/INFO]: Percentiles: P50: 98,6ms P95: 298,2ms P99: 509,5ms, sample: 100"
"with-umce","1","2026-09-27T14:24:56.6530313+00:00","1eb50fb702881358824526c667271024104dd5c27a9cd35da157bce789abdbb9","100","10081","500","0","16","8","False","0","123,7","99,2","298,2","509,5","100","154,13578434541162","150,73657787800136","1648300032","[16:25:07] [Server thread/INFO]: The game is running, but can't keep up with the target tick rate [16:25:07] [Server thread/INFO]: Target tick rate: 20,0 per second. Average time per tick: 123,7ms (Target: 50,0ms) [16:25:07] [Server thread/INFO]: Percentiles: P50: 99,2ms P95: 298,2ms P99: 509,5ms, sample: 100"
"with-umce","2","2026-09-27T14:26:14.5650271+00:00","1eb50fb702881358824526c667271024104dd5c27a9cd35da157bce789abdbb9","100","10081","500","0","16","8","False","0","125,1","105,1","270,5","546,9","100","143,61046691375222","153,33655064071374","1594478592","[16:26:16] [Server thread/INFO]: The game is running, but can't keep up with the target tick rate [16:26:16] [Server thread/INFO]: Target tick rate: 20,0 per second. Average time per tick: 125,1ms (Target: 50,0ms) [16:26:16] [Server thread/INFO]: Percentiles: P50: 105,1ms P95: 270,5ms P99: 546,9ms, sample: 100"
"with-umce","2","2026-09-27T14:26:16.1918616+00:00","1eb50fb702881358824526c667271024104dd5c27a9cd35da157bce789abdbb9","100","10081","500","0","16","8","False","0","126,4","105,3","270,5","546,9","100","157,51203924319972","153,33655064071374","1594478592","[16:26:21] [Server thread/INFO]: The game is running, but can't keep up with the target tick rate [16:26:21] [Server thread/INFO]: Target tick rate: 20,0 per second. Average time per tick: 126,4ms (Target: 50,0ms) [16:26:21] [Server thread/INFO]: Percentiles: P50: 105,3ms P95: 270,5ms P99: 546,9ms, sample: 100"
"with-umce","2","2026-09-27T14:26:21.7513060+00:00","1eb50fb702881358824526c667271024104dd5c27a9cd35da157bce789abdbb9","100","10081","500","0","16","8","False","0","127,9","105,4","270,5","546,9","100","146,68640015295625","153,33655064071374","1594478592","[16:26:31] [Server thread/INFO]: The game is running, but can't keep up with the target tick rate [16:26:31] [Server thread/INFO]: Target tick rate: 20,0 per second. Average time per tick: 127,9ms (Target: 50,0ms) [16:26:31] [Server thread/INFO]: Percentiles: P50: 105,4ms P95: 270,5ms P99: 546,9ms, sample: 100"
"with-umce","2","2026-09-27T14:26:32.0518187+00:00","1eb50fb702881358824526c667271024104dd5c27a9cd35da157bce789abdbb9","100","10081","500","0","16","8","False","0","129,5","106,3","270,5","546,9","100","148,62106260193534","153,33655064071374","1594478592","[16:26:35] [Server thread/WARN]: stress030 moved too quickly! 0.0,0.0,10.195687413325828 [16:26:35] [Server thread/WARN]: stress022 moved too quickly! 0.0,0.0,10.203551539940577 [16:26:35] [Server thread/WARN]: stress050 moved too quickly! 0.0,0.0,10.137715602817082 [16:26:36] [Server thread/INFO]: The game is running, but can't keep up with the target tick rate [16:26:36] [Server thread/INFO]: Target tick rate: 20,0 per second. Average time per tick: 129,5ms (Target: 50,0ms) [16:26:36] [Server thread/INFO]: Percentiles: P50: 106,3ms P95: 270,5ms P99: 546,9ms, sample: 100"
"with-umce","2","2026-09-27T14:26:36.5619759+00:00","1eb50fb702881358824526c667271024104dd5c27a9cd35da157bce789abdbb9","100","10081","500","0","16","8","False","0","130,6","106,6","270,5","546,9","100","172,3807005923848","153,33655064071374","1594478592","[16:26:39] [Server thread/INFO]: The game is running, but can't keep up with the target tick rate [16:26:39] [Server thread/INFO]: Target tick rate: 20,0 per second. Average time per tick: 130,6ms (Target: 50,0ms) [16:26:39] [Server thread/INFO]: Percentiles: P50: 106,6ms P95: 270,5ms P99: 546,9ms, sample: 100"
"with-umce","2","2026-09-27T14:26:39.5713101+00:00","1eb50fb702881358824526c667271024104dd5c27a9cd35da157bce789abdbb9","100","10081","500","0","16","8","False","0","132,5","108,8","270,5","546,9","100","156,35401309437358","153,33655064071374","1594478592","[16:26:47] [Server thread/INFO]: The game is running, but can't keep up with the target tick rate [16:26:47] [Server thread/INFO]: Target tick rate: 20,0 per second. Average time per tick: 132,5ms (Target: 50,0ms) [16:26:47] [Server thread/INFO]: Percentiles: P50: 108,8ms P95: 270,5ms P99: 546,9ms, sample: 100"
"without-umce","2","2026-09-27T14:28:00.6645161+00:00",,"100","10081","500","0","16","8","False","0","129,6","81,6","451,4","761,6","100","174,67156156934993","150,6131984057389","1616343040","[16:28:02] [Server thread/INFO]: The game is running, but can't keep up with the target tick rate [16:28:02] [Server thread/INFO]: Target tick rate: 20,0 per second. Average time per tick: 129,6ms (Target: 50,0ms) [16:28:02] [Server thread/INFO]: Percentiles: P50: 81,6ms P95: 451,4ms P99: 761,6ms, sample: 100"
"without-umce","2","2026-09-27T14:28:02.1899237+00:00",,"100","10081","500","0","16","8","False","0","130,7","82,2","451,4","761,6","100","166,1644235362313","150,6131984057389","1616343040","[16:28:04] [Server thread/INFO]: The game is running, but can't keep up with the target tick rate [16:28:04] [Server thread/INFO]: Target tick rate: 20,0 per second. Average time per tick: 130,7ms (Target: 50,0ms) [16:28:04] [Server thread/INFO]: Percentiles: P50: 82,2ms P95: 451,4ms P99: 761,6ms, sample: 100"
"without-umce","2","2026-09-27T14:28:04.7054418+00:00",,"100","10081","500","0","16","8","False","0","134,2","82,7","451,4","761,6","100","157,72835163308488","150,6131984057389","1616343040","[16:28:08] [Server thread/INFO]: The game is running, but can't keep up with the target tick rate [16:28:08] [Server thread/INFO]: Target tick rate: 20,0 per second. Average time per tick: 134,2ms (Target: 50,0ms) [16:28:08] [Server thread/INFO]: Percentiles: P50: 82,7ms P95: 451,4ms P99: 761,6ms, sample: 100"
"without-umce","2","2026-09-27T14:28:08.4599093+00:00",,"100","10081","500","0","16","8","False","0","135,2",,,,,"142,0284623249686","150,6131984057389","1616343040","[16:28:10] [Server thread/WARN]: stress022 moved too quickly! 0.0,0.0,10.001638429859497 [16:28:12] [Server thread/INFO]: The game is running, but can't keep up with the target tick rate [16:28:12] [Server thread/INFO]: Target tick rate: 20,0 per second. Average time per tick: 135,2ms (Target: 50,0ms)"
"without-umce","2","2026-09-27T14:28:12.2333589+00:00",,"100","10081","500","0","16","8","False","0","136","82,7","451,4","761,6","100","159,0491747264064","150,6131984057389","1616343040","[16:28:12] [Server thread/INFO]: Percentiles: P50: 82,7ms P95: 451,4ms P99: 761,6ms, sample: 100 [16:28:15] [Server thread/INFO]: The game is running, but can't keep up with the target tick rate [16:28:15] [Server thread/INFO]: Target tick rate: 20,0 per second. Average time per tick: 136,0ms (Target: 50,0ms) [16:28:15] [Server thread/INFO]: Percentiles: P50: 84,9ms P95: 451,4ms P99: 761,6ms, sample: 100"
"without-umce","2","2026-09-27T14:28:15.5047193+00:00",,"100","10081","500","0","16","8","False","0","139,7","86,3","451,4","761,6","100","146,3089106363865","150,6131984057389","1616343040","[16:28:18] [Server thread/INFO]: The game is running, but can't keep up with the target tick rate [16:28:18] [Server thread/INFO]: Target tick rate: 20,0 per second. Average time per tick: 139,7ms (Target: 50,0ms) [16:28:18] [Server thread/INFO]: Percentiles: P50: 86,3ms P95: 451,4ms P99: 761,6ms, sample: 100"
"without-umce","2","2026-09-27T14:28:18.2600701+00:00",,"100","10081","500","0","16","8","False","0","140,7","86,6","451,4","761,6","100","139,8160539201237","150,6131984057389","1616343040","[16:28:22] [Server thread/INFO]: The game is running, but can't keep up with the target tick rate [16:28:22] [Server thread/INFO]: Target tick rate: 20,0 per second. Average time per tick: 140,7ms (Target: 50,0ms) [16:28:22] [Server thread/INFO]: Percentiles: P50: 86,6ms P95: 451,4ms P99: 761,6ms, sample: 100"
"without-umce","2","2026-09-27T14:28:23.0095945+00:00",,"100","10081","500","0","16","8","False","0","141,8","86,6","451,4","761,6","100","153,19646959752748","150,6131984057389","1616343040","[16:28:27] [Server thread/INFO]: The game is running, but can't keep up with the target tick rate [16:28:27] [Server thread/INFO]: Target tick rate: 20,0 per second. Average time per tick: 141,8ms (Target: 50,0ms) [16:28:27] [Server thread/INFO]: Percentiles: P50: 86,6ms P95: 451,4ms P99: 761,6ms, sample: 100"
"without-umce","2","2026-09-27T14:28:27.7726639+00:00",,"100","10081","500","0","16","8","False","0","145,9","88,5","457,5","761,6","100","135,90755362917955","150,6131984057389","1616343040","[16:28:30] [Server thread/INFO]: The game is running, but can't keep up with the target tick rate [16:28:30] [Server thread/INFO]: Target tick rate: 20,0 per second. Average time per tick: 145,9ms (Target: 50,0ms) [16:28:30] [Server thread/INFO]: Percentiles: P50: 88,5ms P95: 457,5ms P99: 761,6ms, sample: 100"
