"condition","repeat","time_utc","artifact_sha256","umce_tick_profiler_enabled","players_observed","pigs_in_seed_world","villagers_in_seed_world","tnt_in_seed_world","hopper_rows","redstone_clock_pairs","idle_clients","save_all_interval_seconds","tick_mean_ms","tick_p50_ms","tick_p95_ms","tick_p99_ms","tick_sample_count","sample_cpu_percent_one_core","process_cpu_percent_one_core","working_set_bytes","response"
"without-umce","1","2026-09-27T16:30:00.9102544+00:00",,"False","100","10060","500","0","16","8","False","0","246","257,8","362,2","607,9","100","134,90401505744654","156,78688942650305","1601249280","[18:30:00] [Server thread/INFO]: The game is running, but can't keep up with the target tick rate [18:30:00] [Server thread/INFO]: Target tick rate: 20,0 per second. Average time per tick: 246,0ms (Target: 50,0ms) [18:30:00] [Server thread/INFO]: Percentiles: P50: 257,8ms P95: 362,2ms P99: 607,9ms, sample: 100"
"without-umce","1","2026-09-27T16:30:01.0435858+00:00",,"False","100","10060","500","0","16","8","False","0","247,6","259","362,2","607,9","100","170,0938140281714","156,78688942650305","1601249280","[18:30:01] [Server thread/INFO]: The game is running, but can't keep up with the target tick rate [18:30:01] [Server thread/INFO]: Target tick rate: 20,0 per second. Average time per tick: 247,6ms (Target: 50,0ms) [18:30:01] [Server thread/INFO]: Percentiles: P50: 259,0ms P95: 362,2ms P99: 607,9ms, sample: 100"
"without-umce","1","2026-09-27T16:30:01.4235777+00:00",,"False","100","10060","500","0","16","8","False","0","249,3","259,1","362,2","607,9","100","152,3635479328508","156,78688942650305","1601249280","[18:30:01] [Server thread/INFO]: The game is running, but can't keep up with the target tick rate [18:30:01] [Server thread/INFO]: Target tick rate: 20,0 per second. Average time per tick: 249,3ms (Target: 50,0ms) [18:30:01] [Server thread/INFO]: Percentiles: P50: 259,1ms P95: 362,2ms P99: 607,9ms, sample: 100"
"without-umce","1","2026-09-27T16:30:01.9260568+00:00",,"False","100","10060","500","0","16","8","False","0","251,1","260,4","362,2","607,9","100","167,93482086862875","156,78688942650305","1601249280","[18:30:02] [Server thread/INFO]: The game is running, but can't keep up with the target tick rate [18:30:02] [Server thread/INFO]: Target tick rate: 20,0 per second. Average time per tick: 251,1ms (Target: 50,0ms) [18:30:02] [Server thread/INFO]: Percentiles: P50: 260,4ms P95: 362,2ms P99: 607,9ms, sample: 100"
"without-umce","1","2026-09-27T16:30:02.2982311+00:00",,"False","100","10060","500","0","16","8","False","0","252,6","260,5","362,2","607,9","100","150,28369554153028","156,78688942650305","1601249280","[18:30:02] [Server thread/INFO]: The game is running, but can't keep up with the target tick rate [18:30:02] [Server thread/INFO]: Target tick rate: 20,0 per second. Average time per tick: 252,6ms (Target: 50,0ms) [18:30:02] [Server thread/INFO]: Percentiles: P50: 260,5ms P95: 362,2ms P99: 607,9ms, sample: 100"
"without-umce","1","2026-09-27T16:30:02.6725417+00:00",,"False","100","10060","500","0","16","8","False","0","254,5","262,6","362,2","607,9","100","140,91155774382784","156,78688942650305","1601249280","[18:30:03] [Server thread/INFO]: The game is running, but can't keep up with the target tick rate [18:30:03] [Server thread/INFO]: Target tick rate: 20,0 per second. Average time per tick: 254,5ms (Target: 50,0ms) [18:30:03] [Server thread/INFO]: Percentiles: P50: 262,6ms P95: 362,2ms P99: 607,9ms, sample: 100"
"without-umce","1","2026-09-27T16:30:03.1714966+00:00",,"False","100","10060","500","0","16","8","False","0","256,2","263,9","362,2","607,9","100","180,18715058778224","156,78688942650305","1601249280","[18:30:03] [Server thread/INFO]: The game is running, but can't keep up with the target tick rate [18:30:03] [Server thread/INFO]: Target tick rate: 20,0 per second. Average time per tick: 256,2ms (Target: 50,0ms) [18:30:03] [Server thread/INFO]: Percentiles: P50: 263,9ms P95: 362,2ms P99: 607,9ms, sample: 100"
"without-umce","1","2026-09-27T16:30:03.5444038+00:00",,"False","100","10060","500","0","16","8","False","0","257,7","264,1","362,2","607,9","100","138,3472384885036","156,78688942650305","1601249280","[18:30:03] [Server thread/INFO]: The game is running, but can't keep up with the target tick rate [18:30:03] [Server thread/INFO]: Target tick rate: 20,0 per second. Average time per tick: 257,7ms (Target: 50,0ms) [18:30:03] [Server thread/INFO]: Percentiles: P50: 264,1ms P95: 362,2ms P99: 607,9ms, sample: 100"
"without-umce","1","2026-09-27T16:30:03.9170951+00:00",,"False","100","10060","500","0","16","8","False","0","259,1","264,1","362,2","607,9","100","147,35315340463586","156,78688942650305","1601249280","[18:30:04] [Server thread/INFO]: The game is running, but can't keep up with the target tick rate [18:30:04] [Server thread/INFO]: Target tick rate: 20,0 per second. Average time per tick: 259,1ms (Target: 50,0ms) [18:30:04] [Server thread/INFO]: Percentiles: P50: 264,1ms P95: 362,2ms P99: 607,9ms, sample: 100"
"without-umce","1","2026-09-27T16:30:04.2882318+00:00",,"False","100","10060","500","0","16","8","False","0","260,2","265,3","362,2","607,9","100","160,9298397396284","156,78688942650305","1601249280","[18:30:04] [Server thread/INFO]: The game is running, but can't keep up with the target tick rate [18:30:04] [Server thread/INFO]: Target tick rate: 20,0 per second. Average time per tick: 260,2ms (Target: 50,0ms) [18:30:04] [Server thread/INFO]: Percentiles: P50: 265,3ms P95: 362,2ms P99: 607,9ms, sample: 100"
"without-umce","1","2026-09-27T16:30:04.6765939+00:00",,"False","100","10060","500","0","16","8","False","0","261,9","266","362,2","607,9","100","151,51751865753056","156,78688942650305","1601249280","[18:30:04] [Server thread/INFO]: The game is running, but can't keep up with the target tick rate [18:30:04] [Server thread/INFO]: Target tick rate: 20,0 per second. Average time per tick: 261,9ms (Target: 50,0ms) [18:30:04] [Server thread/INFO]: Percentiles: P50: 266,0ms P95: 362,2ms P99: 607,9ms, sample: 100"
"without-umce","1","2026-09-27T16:30:05.0478397+00:00",,"False","100","10060","500","0","16","8","False","0","263,3","266,3","362,2","607,9","100","151,84874838837862","156,78688942650305","1601249280","[18:30:05] [Server thread/INFO]: The game is running, but can't keep up with the target tick rate [18:30:05] [Server thread/INFO]: Target tick rate: 20,0 per second. Average time per tick: 263,3ms (Target: 50,0ms) [18:30:05] [Server thread/INFO]: Percentiles: P50: 266,3ms P95: 362,2ms P99: 607,9ms, sample: 100"
"without-umce","1","2026-09-27T16:30:05.4182865+00:00",,"False","100","10060","500","0","16","8","False","0","264,6","266,7","362,2","607,9","100","177,7928169805483","156,78688942650305","1601249280","[18:30:05] [Server thread/INFO]: The game is running, but can't keep up with the target tick rate [18:30:05] [Server thread/INFO]: Target tick rate: 20,0 per second. Average time per tick: 264,6ms (Target: 50,0ms) [18:30:05] [Server thread/INFO]: Percentiles: P50: 266,7ms P95: 362,2ms P99: 607,9ms, sample: 100"
"without-umce","1","2026-09-27T16:30:05.7873701+00:00",,"False","100","10060","500","0","16","8","False","0","265,9","266,9","362,2","607,9","100","173,0973206917864","156,78688942650305","1601249280","[18:30:06] [Server thread/INFO]: The game is running, but can't keep up with the target tick rate [18:30:06] [Server thread/INFO]: Target tick rate: 20,0 per second. Average time per tick: 265,9ms (Target: 50,0ms) [18:30:06] [Server thread/INFO]: Percentiles: P50: 266,9ms P95: 362,2ms P99: 607,9ms, sample: 100"
"without-umce","1","2026-09-27T16:30:06.1755336+00:00",,"False","100","10060","500","0","16","8","False","0","266,8","266,9","362,2","607,9","100","156,00856115076306","156,78688942650305","1601249280","[18:30:06] [Server thread/INFO]: The game is running, but can't keep up with the target tick rate [18:30:06] [Server thread/INFO]: Target tick rate: 20,0 per second. Average time per tick: 266,8ms (Target: 50,0ms) [18:30:06] [Server thread/INFO]: Percentiles: P50: 266,9ms P95: 362,2ms P99: 607,9ms, sample: 100"
"without-umce","1","2026-09-27T16:30:06.4259231+00:00",,"False","100","10060","500","0","16","8","False","0","267,9","266,9","362,2","607,9","100","129,10422976189804","156,78688942650305","1601249280","[18:30:06] [Server thread/INFO]: The game is running, but can't keep up with the target tick rate [18:30:06] [Server thread/INFO]: Target tick rate: 20,0 per second. Average time per tick: 267,9ms (Target: 50,0ms) [18:30:06] [Server thread/INFO]: Percentiles: P50: 266,9ms P95: 362,2ms P99: 607,9ms, sample: 100"
"without-umce","1","2026-09-27T16:30:06.9221190+00:00",,"False","100","10060","500","0","16","8","False","0","269","266,9","362,2","607,9","100","155,22826240470158","156,78688942650305","1601249280","[18:30:07] [Server thread/INFO]: The game is running, but can't keep up with the target tick rate [18:30:07] [Server thread/INFO]: Target tick rate: 20,0 per second. Average time per tick: 269,0ms (Target: 50,0ms) [18:30:07] [Server thread/INFO]: Percentiles: P50: 266,9ms P95: 362,2ms P99: 607,9ms, sample: 100"
"without-umce","1","2026-09-27T16:30:07.2945670+00:00",,"False","100","10060","500","0","16","8","False","0","270,1","267,2","362,2","607,9","100","145,72837004600152","156,78688942650305","1601249280","[18:30:07] [Server thread/INFO]: The game is running, but can't keep up with the target tick rate [18:30:07] [Server thread/INFO]: Target tick rate: 20,0 per second. Average time per tick: 270,1ms (Target: 50,0ms) [18:30:07] [Server thread/INFO]: Percentiles: P50: 267,2ms P95: 362,2ms P99: 607,9ms, sample: 100"
"without-umce","1","2026-09-27T16:30:07.6698488+00:00",,"False","100","10060","500","0","16","8","False","0","271,3","267,5","362,2","607,9","100","213,6277265264849","156,78688942650305","1601249280","[18:30:08] [Server thread/INFO]: The game is running, but can't keep up with the target tick rate [18:30:08] [Server thread/INFO]: Target tick rate: 20,0 per second. Average time per tick: 271,3ms (Target: 50,0ms) [18:30:08] [Server thread/INFO]: Percentiles: P50: 267,5ms P95: 362,2ms P99: 607,9ms, sample: 100"
"without-umce","1","2026-09-27T16:30:08.0428512+00:00",,"False","100","10060","500","0","16","8","False","0","272,4","267,7","362,2","607,9","100","151,24752995978295","156,78688942650305","1601249280","[18:30:08] [Server thread/INFO]: The game is running, but can't keep up with the target tick rate [18:30:08] [Server thread/INFO]: Target tick rate: 20,0 per second. Average time per tick: 272,4ms (Target: 50,0ms) [18:30:08] [Server thread/INFO]: Percentiles: P50: 267,7ms P95: 362,2ms P99: 607,9ms, sample: 100"
"without-umce","1","2026-09-27T16:30:08.4147704+00:00",,"False","100","10060","500","0","16","8","False","0","273,4","269,5","362,2","607,9","100","175,46007972371288","156,78688942650305","1601249280","[18:30:08] [Server thread/INFO]: The game is running, but can't keep up with the target tick rate [18:30:08] [Server thread/INFO]: Target tick rate: 20,0 per second. Average time per tick: 273,4ms (Target: 50,0ms) [18:30:08] [Server thread/INFO]: Percentiles: P50: 269,5ms P95: 362,2ms P99: 607,9ms, sample: 100"
"without-umce","1","2026-09-27T16:30:08.7887540+00:00",,"False","100","10060","500","0","16","8","False","0","274,2","269,5","362,2","607,9","100","205,1382389238578","156,78688942650305","1601249280","[18:30:09] [Server thread/INFO]: The game is running, but can't keep up with the target tick rate [18:30:09] [Server thread/INFO]: Target tick rate: 20,0 per second. Average time per tick: 274,2ms (Target: 50,0ms) [18:30:09] [Server thread/INFO]: Percentiles: P50: 269,5ms P95: 362,2ms P99: 607,9ms, sample: 100"
"without-umce","1","2026-09-27T16:30:09.2990896+00:00",,"False","100","10060","500","0","16","8","False","0","275,6","269,6","362,2","607,9","100","176,12537066842296","156,78688942650305","1601249280","[18:30:09] [Server thread/INFO]: The game is running, but can't keep up with the target tick rate [18:30:09] [Server thread/INFO]: Target tick rate: 20,0 per second. Average time per tick: 275,6ms (Target: 50,0ms) [18:30:09] [Server thread/INFO]: Percentiles: P50: 269,6ms P95: 362,2ms P99: 607,9ms, sample: 100"
"without-umce","1","2026-09-27T16:30:09.6717041+00:00",,"False","100","10060","500","0","16","8","False","0","276,5","269,7","362,2","607,9","100","180,53361908810336","156,78688942650305","1601249280","[18:30:09] [Server thread/INFO]: The game is running, but can't keep up with the target tick rate [18:30:09] [Server thread/INFO]: Target tick rate: 20,0 per second. Average time per tick: 276,5ms (Target: 50,0ms) [18:30:09] [Server thread/INFO]: Percentiles: P50: 269,7ms P95: 362,2ms P99: 607,9ms, sample: 100"
"without-umce","1","2026-09-27T16:30:10.0438559+00:00",,"False","100","10060","500","0","16","8","False","0","277,3","270,5","362,2","607,9","100","183,63125668417774","156,78688942650305","1601249280","[18:30:10] [Server thread/INFO]: The game is running, but can't keep up with the target tick rate [18:30:10] [Server thread/INFO]: Target tick rate: 20,0 per second. Average time per tick: 277,3ms (Target: 50,0ms) [18:30:10] [Server thread/INFO]: Percentiles: P50: 270,5ms P95: 362,2ms P99: 607,9ms, sample: 100"
"without-umce","1","2026-09-27T16:30:10.4182664+00:00",,"False","100","10060","500","0","16","8","False","0","278,5","270,6","362,2","607,9","100","170,64260690418038","156,78688942650305","1601249280","[18:30:10] [Server thread/INFO]: The game is running, but can't keep up with the target tick rate [18:30:10] [Server thread/INFO]: Target tick rate: 20,0 per second. Average time per tick: 278,5ms (Target: 50,0ms) [18:30:10] [Server thread/INFO]: Percentiles: P50: 270,6ms P95: 362,2ms P99: 607,9ms, sample: 100"
"without-umce","1","2026-09-27T16:30:10.8028434+00:00",,"False","100","10060","500","0","16","8","False","0","279,2","271,5","362,2","607,9","100","180,726886428847","156,78688942650305","1601249280","[18:30:11] [Server thread/INFO]: The game is running, but can't keep up with the target tick rate [18:30:11] [Server thread/INFO]: Target tick rate: 20,0 per second. Average time per tick: 279,2ms (Target: 50,0ms) [18:30:11] [Server thread/INFO]: Percentiles: P50: 271,5ms P95: 362,2ms P99: 607,9ms, sample: 100"
"without-umce","1","2026-09-27T16:30:11.1918972+00:00",,"False","100","10060","500","0","16","8","False","0","279,9","272,2","362,2","607,9","100","145,14229194975724","156,78688942650305","1601249280","[18:30:11] [Server thread/INFO]: The game is running, but can't keep up with the target tick rate [18:30:11] [Server thread/INFO]: Target tick rate: 20,0 per second. Average time per tick: 279,9ms (Target: 50,0ms) [18:30:11] [Server thread/INFO]: Percentiles: P50: 272,2ms P95: 362,2ms P99: 607,9ms, sample: 100"
"without-umce","1","2026-09-27T16:30:11.6870792+00:00",,"False","100","10060","500","0","16","8","False","0","280,7","272,2","362,2","607,9","100","138,11825413705188","156,78688942650305","1601249280","[18:30:11] [Server thread/INFO]: The game is running, but can't keep up with the target tick rate [18:30:11] [Server thread/INFO]: Target tick rate: 20,0 per second. Average time per tick: 280,7ms (Target: 50,0ms) [18:30:11] [Server thread/INFO]: Percentiles: P50: 272,2ms P95: 362,2ms P99: 607,9ms, sample: 100"
"without-umce","1","2026-09-27T16:30:12.0604117+00:00",,"False","100","10060","500","0","16","8","False","0","281","272,2","362,2","607,9","100","142,4696636830949","156,78688942650305","1601249280","[18:30:12] [Server thread/INFO]: The game is running, but can't keep up with the target tick rate [18:30:12] [Server thread/INFO]: Target tick rate: 20,0 per second. Average time per tick: 281,0ms (Target: 50,0ms) [18:30:12] [Server thread/INFO]: Percentiles: P50: 272,2ms P95: 362,2ms P99: 607,9ms, sample: 100"
"without-umce","1","2026-09-27T16:30:12.4333175+00:00",,"False","100","10060","500","0","16","8","False","0","280,9","272,2","362,2","607,9","100","145,58006284533255","156,78688942650305","1601249280","[18:30:12] [Server thread/INFO]: The game is running, but can't keep up with the target tick rate [18:30:12] [Server thread/INFO]: Target tick rate: 20,0 per second. Average time per tick: 280,9ms (Target: 50,0ms) [18:30:12] [Server thread/INFO]: Percentiles: P50: 272,2ms P95: 362,2ms P99: 607,9ms, sample: 100"
"without-umce","1","2026-09-27T16:30:12.8089541+00:00",,"False","100","10060","500","0","16","8","False","0","281,8","273,3","362,2","607,9","100","138,02563843800883","156,78688942650305","1601249280","[18:30:13] [Server thread/INFO]: The game is running, but can't keep up with the target tick rate [18:30:13] [Server thread/INFO]: Target tick rate: 20,0 per second. Average time per tick: 281,8ms (Target: 50,0ms) [18:30:13] [Server thread/INFO]: Percentiles: P50: 273,3ms P95: 362,2ms P99: 607,9ms, sample: 100"
"without-umce","1","2026-09-27T16:30:13.1825327+00:00",,"False","100","10060","500","0","16","8","False","0","281,7","273,3","362,2","607,9","100","167,63717414686087","156,78688942650305","1601249280","[18:30:13] [Server thread/INFO]: The game is running, but can't keep up with the target tick rate [18:30:13] [Server thread/INFO]: Target tick rate: 20,0 per second. Average time per tick: 281,7ms (Target: 50,0ms) [18:30:13] [Server thread/INFO]: Percentiles: P50: 273,3ms P95: 362,2ms P99: 607,9ms, sample: 100"
"without-umce","1","2026-09-27T16:30:13.5553322+00:00",,"False","100","10060","500","0","16","8","False","0","282,4","274,2","362,2","607,9","100","130,26814295293514","156,78688942650305","1601249280","[18:30:13] [Server thread/INFO]: The game is running, but can't keep up with the target tick rate [18:30:13] [Server thread/INFO]: Target tick rate: 20,0 per second. Average time per tick: 282,4ms (Target: 50,0ms) [18:30:13] [Server thread/INFO]: Percentiles: P50: 274,2ms P95: 362,2ms P99: 607,9ms, sample: 100"
"without-umce","1","2026-09-27T16:30:14.0591220+00:00",,"False","100","10060","500","0","16","8","False","0","282,8","275,2","362,2","607,9","100","185,79345000303215","156,78688942650305","1601249280","[18:30:14] [Server thread/INFO]: The game is running, but can't keep up with the target tick rate [18:30:14] [Server thread/INFO]: Target tick rate: 20,0 per second. Average time per tick: 282,8ms (Target: 50,0ms) [18:30:14] [Server thread/INFO]: Percentiles: P50: 275,2ms P95: 362,2ms P99: 607,9ms, sample: 100"
"without-umce","1","2026-09-27T16:30:14.3114669+00:00",,"False","100","10060","500","0","16","8","False","0","283,4","275,2","362,2","607,9","100","134,85069932694574","156,78688942650305","1601249280","[18:30:14] [Server thread/INFO]: The game is running, but can't keep up with the target tick rate [18:30:14] [Server thread/INFO]: Target tick rate: 20,0 per second. Average time per tick: 283,4ms (Target: 50,0ms) [18:30:14] [Server thread/INFO]: Percentiles: P50: 275,2ms P95: 362,2ms P99: 607,9ms, sample: 100"
"without-umce","1","2026-09-27T16:30:14.8096490+00:00",,"False","100","10060","500","0","16","8","False","0","284,1","275,9","362,2","607,9","100","163,84488248742545","156,78688942650305","1601249280","[18:30:15] [Server thread/INFO]: The game is running, but can't keep up with the target tick rate [18:30:15] [Server thread/INFO]: Target tick rate: 20,0 per second. Average time per tick: 284,1ms (Target: 50,0ms) [18:30:15] [Server thread/INFO]: Percentiles: P50: 275,9ms P95: 362,2ms P99: 607,9ms, sample: 100"
"without-umce","1","2026-09-27T16:30:15.1815596+00:00",,"False","100","10060","500","0","16","8","False","0","285","276,5","362,2","607,9","100","161,6771709844697","156,78688942650305","1601249280","[18:30:15] [Server thread/INFO]: The game is running, but can't keep up with the target tick rate [18:30:15] [Server thread/INFO]: Target tick rate: 20,0 per second. Average time per tick: 285,0ms (Target: 50,0ms) [18:30:15] [Server thread/INFO]: Percentiles: P50: 276,5ms P95: 362,2ms P99: 607,9ms, sample: 100"
"without-umce","1","2026-09-27T16:30:15.5584911+00:00",,"False","100","10060","500","0","16","8","False","0","285,1","276,5","362,2","607,9","100","146,5204556622068","156,78688942650305","1601249280","[18:30:15] [Server thread/INFO]: The game is running, but can't keep up with the target tick rate [18:30:15] [Server thread/INFO]: Target tick rate: 20,0 per second. Average time per tick: 285,1ms (Target: 50,0ms) [18:30:15] [Server thread/INFO]: Percentiles: P50: 276,5ms P95: 362,2ms P99: 607,9ms, sample: 100"
"without-umce","1","2026-09-27T16:30:15.9317209+00:00",,"False","100","10060","500","0","16","8","False","0","285,4","276,5","362,2","607,9","100","195,77653203550545","156,78688942650305","1601249280","[18:30:16] [Server thread/INFO]: The game is running, but can't keep up with the target tick rate [18:30:16] [Server thread/INFO]: Target tick rate: 20,0 per second. Average time per tick: 285,4ms (Target: 50,0ms) [18:30:16] [Server thread/INFO]: Percentiles: P50: 276,5ms P95: 362,2ms P99: 607,9ms, sample: 100"
"without-umce","1","2026-09-27T16:30:16.3068267+00:00",,"False","100","10060","500","0","16","8","False","0","285,7","276,7","362,2","607,9","100","147,14939831199626","156,78688942650305","1601249280","[18:30:16] [Server thread/INFO]: The game is running, but can't keep up with the target tick rate [18:30:16] [Server thread/INFO]: Target tick rate: 20,0 per second. Average time per tick: 285,7ms (Target: 50,0ms) [18:30:16] [Server thread/INFO]: Percentiles: P50: 276,7ms P95: 362,2ms P99: 607,9ms, sample: 100"
"without-umce","1","2026-09-27T16:30:16.6784806+00:00",,"False","100","10060","500","0","16","8","False","0","285,1","276,5","362,2","607,9","100","148,91804961101175","156,78688942650305","1601249280","[18:30:16] [Server thread/INFO]: The game is running, but can't keep up with the target tick rate [18:30:16] [Server thread/INFO]: Target tick rate: 20,0 per second. Average time per tick: 285,1ms (Target: 50,0ms) [18:30:16] [Server thread/INFO]: Percentiles: P50: 276,5ms P95: 362,2ms P99: 607,9ms, sample: 100"
"without-umce","1","2026-09-27T16:30:16.9407749+00:00",,"False","100","10060","500","0","16","8","False","0","284,9",,,,,"141,79291908181713","156,78688942650305","1601249280","[18:30:17] [Server thread/INFO]: The game is running, but can't keep up with the target tick rate [18:30:17] [Server thread/INFO]: Target tick rate: 20,0 per second. Average time per tick: 284,9ms (Target: 50,0ms)"
"without-umce","1","2026-09-27T16:30:17.3154427+00:00",,"False","100","10060","500","0","16","8","False","0","285,6","276,5","362,2","607,9","100","143,94034671449526","156,78688942650305","1601249280","[18:30:17] [Server thread/INFO]: Percentiles: P50: 276,5ms P95: 362,2ms P99: 607,9ms, sample: 100 [18:30:17] [Server thread/INFO]: The game is running, but can't keep up with the target tick rate [18:30:17] [Server thread/INFO]: Target tick rate: 20,0 per second. Average time per tick: 285,6ms (Target: 50,0ms) [18:30:17] [Server thread/INFO]: Percentiles: P50: 276,7ms P95: 362,2ms P99: 607,9ms, sample: 100"
"without-umce","1","2026-09-27T16:30:17.8147973+00:00",,"False","100","10060","500","0","16","8","False","0","284,9","276,5","362,2","607,9","100","163,0781664594877","156,78688942650305","1601249280","[18:30:18] [Server thread/INFO]: The game is running, but can't keep up with the target tick rate [18:30:18] [Server thread/INFO]: Target tick rate: 20,0 per second. Average time per tick: 284,9ms (Target: 50,0ms) [18:30:18] [Server thread/INFO]: Percentiles: P50: 276,5ms P95: 362,2ms P99: 607,9ms, sample: 100"
"without-umce","1","2026-09-27T16:30:18.1884485+00:00",,"False","100","10060","500","0","16","8","False","0","284,9","276,5","362,2","607,9","100","158,27259886139694","156,78688942650305","1601249280","[18:30:18] [Server thread/INFO]: The game is running, but can't keep up with the target tick rate [18:30:18] [Server thread/INFO]: Target tick rate: 20,0 per second. Average time per tick: 284,9ms (Target: 50,0ms) [18:30:18] [Server thread/INFO]: Percentiles: P50: 276,5ms P95: 362,2ms P99: 607,9ms, sample: 100"
"without-umce","1","2026-09-27T16:30:18.5636040+00:00",,"False","100","10060","500","0","16","8","False","0","285","276,5","362,2","607,9","100","217,12349449909274","156,78688942650305","1601249280","[18:30:18] [Server thread/INFO]: The game is running, but can't keep up with the target tick rate [18:30:18] [Server thread/INFO]: Target tick rate: 20,0 per second. Average time per tick: 285,0ms (Target: 50,0ms) [18:30:18] [Server thread/INFO]: Percentiles: P50: 276,5ms P95: 362,2ms P99: 607,9ms, sample: 100"
"without-umce","1","2026-09-27T16:30:18.9378226+00:00",,"False","100","10060","500","0","16","8","False","0","284,9","276,5","362,2","607,9","100","168,36141511944774","156,78688942650305","1601249280","[18:30:19] [Server thread/INFO]: The game is running, but can't keep up with the target tick rate [18:30:19] [Server thread/INFO]: Target tick rate: 20,0 per second. Average time per tick: 284,9ms (Target: 50,0ms) [18:30:19] [Server thread/INFO]: Percentiles: P50: 276,5ms P95: 362,2ms P99: 607,9ms, sample: 100"
"without-umce","1","2026-09-27T16:30:19.3090480+00:00",,"False","100","10060","500","0","16","8","False","0","285,2","276,5","362,2","607,9","100","165,84685250536216","156,78688942650305","1601249280","[18:30:19] [Server thread/INFO]: The game is running, but can't keep up with the target tick rate [18:30:19] [Server thread/INFO]: Target tick rate: 20,0 per second. Average time per tick: 285,2ms (Target: 50,0ms) [18:30:19] [Server thread/INFO]: Percentiles: P50: 276,5ms P95: 362,2ms P99: 607,9ms, sample: 100"
"without-umce","1","2026-09-27T16:30:19.6858841+00:00",,"False","100","10060","500","0","16","8","False","0","285,8","276,7","362,2","607,9","100","171,73510290970535","156,78688942650305","1601249280","[18:30:19] [Server thread/INFO]: The game is running, but can't keep up with the target tick rate [18:30:19] [Server thread/INFO]: Target tick rate: 20,0 per second. Average time per tick: 285,8ms (Target: 50,0ms) [18:30:19] [Server thread/INFO]: Percentiles: P50: 276,7ms P95: 362,2ms P99: 607,9ms, sample: 100"
"without-umce","1","2026-09-27T16:30:20.0589349+00:00",,"False","100","10060","500","0","16","8","False","0","286","276,7","362,2","607,9","100","142,1553779018428","156,78688942650305","1601249280","[18:30:20] [Server thread/INFO]: The game is running, but can't keep up with the target tick rate [18:30:20] [Server thread/INFO]: Target tick rate: 20,0 per second. Average time per tick: 286,0ms (Target: 50,0ms) [18:30:20] [Server thread/INFO]: Percentiles: P50: 276,7ms P95: 362,2ms P99: 607,9ms, sample: 100"
"without-umce","1","2026-09-27T16:30:20.4326245+00:00",,"False","100","10060","500","0","16","8","False","0","286,1","276,7","362,2","607,9","100","133,68533573467843","156,78688942650305","1601249280","[18:30:20] [Server thread/INFO]: The game is running, but can't keep up with the target tick rate [18:30:20] [Server thread/INFO]: Target tick rate: 20,0 per second. Average time per tick: 286,1ms (Target: 50,0ms) [18:30:20] [Server thread/INFO]: Percentiles: P50: 276,7ms P95: 362,2ms P99: 607,9ms, sample: 100"
"without-umce","1","2026-09-27T16:30:20.8066432+00:00",,"False","100","10060","500","0","16","8","False","0","286,1","276,7","362,2","607,9","100","151,06981600904967","156,78688942650305","1601249280","[18:30:21] [Server thread/INFO]: The game is running, but can't keep up with the target tick rate [18:30:21] [Server thread/INFO]: Target tick rate: 20,0 per second. Average time per tick: 286,1ms (Target: 50,0ms) [18:30:21] [Server thread/INFO]: Percentiles: P50: 276,7ms P95: 362,2ms P99: 607,9ms, sample: 100"
"without-umce","1","2026-09-27T16:30:21.1790093+00:00",,"False","100","10060","500","0","16","8","False","0","286,1","276,7","362,2","607,9","100","162,1415159177403","156,78688942650305","1601249280","[18:30:21] [Server thread/INFO]: The game is running, but can't keep up with the target tick rate [18:30:21] [Server thread/INFO]: Target tick rate: 20,0 per second. Average time per tick: 286,1ms (Target: 50,0ms) [18:30:21] [Server thread/INFO]: Percentiles: P50: 276,7ms P95: 362,2ms P99: 607,9ms, sample: 100"
"without-umce","1","2026-09-27T16:30:21.5548238+00:00",,"False","100","10060","500","0","16","8","False","0","286,4","277","362,2","607,9","100","144,9899941990746","156,78688942650305","1601249280","[18:30:21] [Server thread/INFO]: The game is running, but can't keep up with the target tick rate [18:30:21] [Server thread/INFO]: Target tick rate: 20,0 per second. Average time per tick: 286,4ms (Target: 50,0ms) [18:30:21] [Server thread/INFO]: Percentiles: P50: 277,0ms P95: 362,2ms P99: 607,9ms, sample: 100"
"without-umce","1","2026-09-27T16:30:21.9320051+00:00",,"False","100","10060","500","0","16","8","False","0","286,8","277,7","362,2","607,9","100","137,94595167256708","156,78688942650305","1601249280","[18:30:22] [Server thread/INFO]: The game is running, but can't keep up with the target tick rate [18:30:22] [Server thread/INFO]: Target tick rate: 20,0 per second. Average time per tick: 286,8ms (Target: 50,0ms) [18:30:22] [Server thread/INFO]: Percentiles: P50: 277,7ms P95: 362,2ms P99: 607,9ms, sample: 100"
"without-umce","1","2026-09-27T16:30:22.3171069+00:00",,"False","100","10060","500","0","16","8","False","0","287,2","278,3","362,2","607,9","100","149,93176028928616","156,78688942650305","1601249280","[18:30:22] [Server thread/INFO]: The game is running, but can't keep up with the target tick rate [18:30:22] [Server thread/INFO]: Target tick rate: 20,0 per second. Average time per tick: 287,2ms (Target: 50,0ms) [18:30:22] [Server thread/INFO]: Percentiles: P50: 278,3ms P95: 362,2ms P99: 607,9ms, sample: 100"
"without-umce","1","2026-09-27T16:30:22.7235615+00:00",,"False","100","10060","500","0","16","8","False","0","287,7","278,5","362,2","607,9","100","159,79505325649535","156,78688942650305","1601249280","[18:30:22] [Server thread/INFO]: The game is running, but can't keep up with the target tick rate [18:30:22] [Server thread/INFO]: Target tick rate: 20,0 per second. Average time per tick: 287,7ms (Target: 50,0ms) [18:30:22] [Server thread/INFO]: Percentiles: P50: 278,5ms P95: 362,2ms P99: 607,9ms, sample: 100"
"without-umce","1","2026-09-27T16:30:23.0951214+00:00",,"False","100","10060","500","0","16","8","False","0","287,8","278,5","362,2","607,9","100","133,3962607960929","156,78688942650305","1601249280","[18:30:23] [Server thread/INFO]: The game is running, but can't keep up with the target tick rate [18:30:23] [Server thread/INFO]: Target tick rate: 20,0 per second. Average time per tick: 287,8ms (Target: 50,0ms) [18:30:23] [Server thread/INFO]: Percentiles: P50: 278,5ms P95: 362,2ms P99: 607,9ms, sample: 100"
"without-umce","1","2026-09-27T16:30:23.4699602+00:00",,"False","100","10060","500","0","16","8","False","0","284,4","278,3","339,8","437,5","100","159,17308809999207","156,78688942650305","1601249280","[18:30:23] [Server thread/INFO]: The game is running, but can't keep up with the target tick rate [18:30:23] [Server thread/INFO]: Target tick rate: 20,0 per second. Average time per tick: 284,4ms (Target: 50,0ms) [18:30:23] [Server thread/INFO]: Percentiles: P50: 278,3ms P95: 339,8ms P99: 437,5ms, sample: 100"
"without-umce","1","2026-09-27T16:30:23.8429684+00:00",,"False","100","10060","500","0","16","8","False","0","284,1","277,7","339,8","437,5","100","159,03802019829732","156,78688942650305","1601249280","[18:30:24] [Server thread/INFO]: The game is running, but can't keep up with the target tick rate [18:30:24] [Server thread/INFO]: Target tick rate: 20,0 per second. Average time per tick: 284,1ms (Target: 50,0ms) [18:30:24] [Server thread/INFO]: Percentiles: P50: 277,7ms P95: 339,8ms P99: 437,5ms, sample: 100"
"without-umce","1","2026-09-27T16:30:24.2163085+00:00",,"False","100","10060","500","0","16","8","False","0","283,4","277","339,8","437,5","100","188,98329206274204","156,78688942650305","1601249280","[18:30:24] [Server thread/INFO]: The game is running, but can't keep up with the target tick rate [18:30:24] [Server thread/INFO]: Target tick rate: 20,0 per second. Average time per tick: 283,4ms (Target: 50,0ms) [18:30:24] [Server thread/INFO]: Percentiles: P50: 277,0ms P95: 339,8ms P99: 437,5ms, sample: 100"
"without-umce","1","2026-09-27T16:30:24.4643714+00:00",,"False","100","10060","500","0","16","8","False","0","282,7","276,7","330","437,5","100","158,50718401275853","156,78688942650305","1601249280","[18:30:24] [Server thread/INFO]: The game is running, but can't keep up with the target tick rate [18:30:24] [Server thread/INFO]: Target tick rate: 20,0 per second. Average time per tick: 282,7ms (Target: 50,0ms) [18:30:24] [Server thread/INFO]: Percentiles: P50: 276,7ms P95: 330,0ms P99: 437,5ms, sample: 100"
"without-umce","1","2026-09-27T16:30:24.8389197+00:00",,"False","100","10060","500","0","16","8","False","0","281,9","276","330","437,5","100","128,85182153580465","156,78688942650305","1601249280","[18:30:25] [Server thread/INFO]: The game is running, but can't keep up with the target tick rate [18:30:25] [Server thread/INFO]: Target tick rate: 20,0 per second. Average time per tick: 281,9ms (Target: 50,0ms) [18:30:25] [Server thread/INFO]: Percentiles: P50: 276,0ms P95: 330,0ms P99: 437,5ms, sample: 100"
"without-umce","1","2026-09-27T16:30:25.2149131+00:00",,"False","100","10060","500","0","16","8","False","0","280,4","276","327,8","435,1","100","167,76339188052026","156,78688942650305","1601249280","[18:30:25] [Server thread/INFO]: The game is running, but can't keep up with the target tick rate [18:30:25] [Server thread/INFO]: Target tick rate: 20,0 per second. Average time per tick: 280,4ms (Target: 50,0ms) [18:30:25] [Server thread/INFO]: Percentiles: P50: 276,0ms P95: 327,8ms P99: 435,1ms, sample: 100"
"without-umce","1","2026-09-27T16:30:25.5874453+00:00",,"False","100","10060","500","0","16","8","False","0","278,7","275,9","315,5","410,1","100","128,53853339060285","156,78688942650305","1601249280","[18:30:25] [Server thread/INFO]: The game is running, but can't keep up with the target tick rate [18:30:25] [Server thread/INFO]: Target tick rate: 20,0 per second. Average time per tick: 278,7ms (Target: 50,0ms) [18:30:25] [Server thread/INFO]: Percentiles: P50: 275,9ms P95: 315,5ms P99: 410,1ms, sample: 100"
"without-umce","1","2026-09-27T16:30:25.9885522+00:00",,"False","100","10060","500","0","16","8","False","0","277,3","275,5","307,1","362,2","100","154,4511038194606","156,78688942650305","1601249280","[18:30:26] [Server thread/INFO]: The game is running, but can't keep up with the target tick rate [18:30:26] [Server thread/INFO]: Target tick rate: 20,0 per second. Average time per tick: 277,3ms (Target: 50,0ms) [18:30:26] [Server thread/INFO]: Percentiles: P50: 275,5ms P95: 307,1ms P99: 362,2ms, sample: 100"
"without-umce","1","2026-09-27T16:30:26.3628772+00:00",,"False","100","10060","500","0","16","8","False","0","276,5","275,5","306,4","330","100","155,10790278286046","156,78688942650305","1601249280","[18:30:26] [Server thread/INFO]: The game is running, but can't keep up with the target tick rate [18:30:26] [Server thread/INFO]: Target tick rate: 20,0 per second. Average time per tick: 276,5ms (Target: 50,0ms) [18:30:26] [Server thread/INFO]: Percentiles: P50: 275,5ms P95: 306,4ms P99: 330,0ms, sample: 100"
"without-umce","1","2026-09-27T16:30:26.7355666+00:00",,"False","100","10060","500","0","16","8","False","0","276,1","275,5","302,4","327,8","100","145,965441789182","156,78688942650305","1601249280","[18:30:27] [Server thread/INFO]: The game is running, but can't keep up with the target tick rate [18:30:27] [Server thread/INFO]: Target tick rate: 20,0 per second. Average time per tick: 276,1ms (Target: 50,0ms) [18:30:27] [Server thread/INFO]: Percentiles: P50: 275,5ms P95: 302,4ms P99: 327,8ms, sample: 100"
"without-umce","1","2026-09-27T16:30:27.1102242+00:00",,"False","100","10060","500","0","16","8","False","0","276","275,5","302,4","327,8","100","141,7478598407835","156,78688942650305","1601249280","[18:30:27] [Server thread/INFO]: The game is running, but can't keep up with the target tick rate [18:30:27] [Server thread/INFO]: Target tick rate: 20,0 per second. Average time per tick: 276,0ms (Target: 50,0ms) [18:30:27] [Server thread/INFO]: Percentiles: P50: 275,5ms P95: 302,4ms P99: 327,8ms, sample: 100"
"without-umce","1","2026-09-27T16:30:27.4850341+00:00",,"False","100","10060","500","0","16","8","False","0","276","275,5","302,4","327,8","100","166,83042741421647","156,78688942650305","1601249280","[18:30:27] [Server thread/INFO]: The game is running, but can't keep up with the target tick rate [18:30:27] [Server thread/INFO]: Target tick rate: 20,0 per second. Average time per tick: 276,0ms (Target: 50,0ms) [18:30:27] [Server thread/INFO]: Percentiles: P50: 275,5ms P95: 302,4ms P99: 327,8ms, sample: 100"
"without-umce","1","2026-09-27T16:30:27.8596493+00:00",,"False","100","10060","500","0","16","8","False","0","275,9","275,3","302,4","327,8","100","154,62125315093041","156,78688942650305","1601249280","[18:30:28] [Server thread/INFO]: The game is running, but can't keep up with the target tick rate [18:30:28] [Server thread/INFO]: Target tick rate: 20,0 per second. Average time per tick: 275,9ms (Target: 50,0ms) [18:30:28] [Server thread/INFO]: Percentiles: P50: 275,3ms P95: 302,4ms P99: 327,8ms, sample: 100"
"without-umce","1","2026-09-27T16:30:28.2335336+00:00",,"False","100","10060","500","0","16","8","False","0","275,9","275,3","302,4","327,8","100","167,55241575732617","156,78688942650305","1601249280","[18:30:28] [Server thread/INFO]: The game is running, but can't keep up with the target tick rate [18:30:28] [Server thread/INFO]: Target tick rate: 20,0 per second. Average time per tick: 275,9ms (Target: 50,0ms) [18:30:28] [Server thread/INFO]: Percentiles: P50: 275,3ms P95: 302,4ms P99: 327,8ms, sample: 100"
"without-umce","1","2026-09-27T16:30:28.6065656+00:00",,"False","100","10060","500","0","16","8","False","0","275,8","274,6","302,4","327,8","100","134,4970375682505","156,78688942650305","1601249280","[18:30:28] [Server thread/INFO]: The game is running, but can't keep up with the target tick rate [18:30:28] [Server thread/INFO]: Target tick rate: 20,0 per second. Average time per tick: 275,8ms (Target: 50,0ms) [18:30:28] [Server thread/INFO]: Percentiles: P50: 274,6ms P95: 302,4ms P99: 327,8ms, sample: 100"
"without-umce","1","2026-09-27T16:30:28.9783299+00:00",,"False","100","10060","500","0","16","8","False","0","275,8","274,6","302,4","327,8","100","141,1297242489705","156,78688942650305","1601249280","[18:30:29] [Server thread/INFO]: The game is running, but can't keep up with the target tick rate [18:30:29] [Server thread/INFO]: Target tick rate: 20,0 per second. Average time per tick: 275,8ms (Target: 50,0ms) [18:30:29] [Server thread/INFO]: Percentiles: P50: 274,6ms P95: 302,4ms P99: 327,8ms, sample: 100"
"without-umce","1","2026-09-27T16:30:29.3658167+00:00",,"False","100","10060","500","0","16","8","False","0","276","275,3","302,4","327,8","100","169,36129728536628","156,78688942650305","1601249280","[18:30:29] [Server thread/INFO]: The game is running, but can't keep up with the target tick rate [18:30:29] [Server thread/INFO]: Target tick rate: 20,0 per second. Average time per tick: 276,0ms (Target: 50,0ms) [18:30:29] [Server thread/INFO]: Percentiles: P50: 275,3ms P95: 302,4ms P99: 327,8ms, sample: 100"
"without-umce","1","2026-09-27T16:30:29.7717437+00:00",,"False","100","10060","500","0","16","8","False","0","276,4","275,5","306,4","327,8","100","147,19710678043793","156,78688942650305","1601249280","[18:30:30] [Server thread/INFO]: The game is running, but can't keep up with the target tick rate [18:30:30] [Server thread/INFO]: Target tick rate: 20,0 per second. Average time per tick: 276,4ms (Target: 50,0ms) [18:30:30] [Server thread/INFO]: Percentiles: P50: 275,5ms P95: 306,4ms P99: 327,8ms, sample: 100"
"without-umce","1","2026-09-27T16:30:30.1751360+00:00",,"False","100","10060","500","0","16","8","False","0","276,4","275,5","306,4","327,8","100","141,94305818957343","156,78688942650305","1601249280","[18:30:30] [Server thread/INFO]: The game is running, but can't keep up with the target tick rate [18:30:30] [Server thread/INFO]: Target tick rate: 20,0 per second. Average time per tick: 276,4ms (Target: 50,0ms) [18:30:30] [Server thread/INFO]: Percentiles: P50: 275,5ms P95: 306,4ms P99: 327,8ms, sample: 100"
"without-umce","1","2026-09-27T16:30:30.5493955+00:00",,"False","100","10060","500","0","16","8","False","0","276,4","275,5","306,4","327,8","100","144,8489015718771","156,78688942650305","1601249280","[18:30:30] [Server thread/INFO]: The game is running, but can't keep up with the target tick rate [18:30:30] [Server thread/INFO]: Target tick rate: 20,0 per second. Average time per tick: 276,4ms (Target: 50,0ms) [18:30:30] [Server thread/INFO]: Percentiles: P50: 275,5ms P95: 306,4ms P99: 327,8ms, sample: 100"
"with-umce","1","2026-09-27T16:31:32.2385183+00:00","646522184381b84f3179ea440c481a63331a8f518bdbf22902283a96953672c7","True","100","10060","500","0","16","8","False","0","214,9","164,1","503,4","671,1","100","169,96956199122647","187,35406710810705","1596809216","[18:31:35] [Server thread/INFO]: The game is running, but can't keep up with the target tick rate [18:31:35] [Server thread/INFO]: Target tick rate: 20,0 per second. Average time per tick: 214,9ms (Target: 50,0ms) [18:31:35] [Server thread/INFO]: Percentiles: P50: 164,1ms P95: 503,4ms P99: 671,1ms, sample: 100"
"with-umce","1","2026-09-27T16:31:35.3602716+00:00","646522184381b84f3179ea440c481a63331a8f518bdbf22902283a96953672c7","True","100","10060","500","0","16","8","False","0","216,6","165,7","503,4","671,1","100","172,48779841606688","187,35406710810705","1596809216","[18:31:37] [Server thread/INFO]: The game is running, but can't keep up with the target tick rate [18:31:37] [Server thread/INFO]: Target tick rate: 20,0 per second. Average time per tick: 216,6ms (Target: 50,0ms) [18:31:37] [Server thread/INFO]: Percentiles: P50: 165,7ms P95: 503,4ms P99: 671,1ms, sample: 100"
"with-umce","1","2026-09-27T16:31:37.3569411+00:00","646522184381b84f3179ea440c481a63331a8f518bdbf22902283a96953672c7","True","100","10060","500","0","16","8","False","0","220,1","167,9","503,4","671,1","100","208,5350007333139","187,35406710810705","1596809216","[18:31:38] [Server thread/INFO]: The game is running, but can't keep up with the target tick rate [18:31:38] [Server thread/INFO]: Target tick rate: 20,0 per second. Average time per tick: 220,1ms (Target: 50,0ms) [18:31:38] [Server thread/INFO]: Percentiles: P50: 167,9ms P95: 503,4ms P99: 671,1ms, sample: 100"
"with-umce","1","2026-09-27T16:31:38.7281009+00:00","646522184381b84f3179ea440c481a63331a8f518bdbf22902283a96953672c7","True","100","10060","500","0","16","8","False","0","220,9","169,8","503,4","671,1","100","173,8135520047499","187,35406710810705","1596809216","[18:31:41] [Server thread/INFO]: The game is running, but can't keep up with the target tick rate [18:31:41] [Server thread/INFO]: Target tick rate: 20,0 per second. Average time per tick: 220,9ms (Target: 50,0ms) [18:31:41] [Server thread/INFO]: Percentiles: P50: 169,8ms P95: 503,4ms P99: 671,1ms, sample: 100"
"with-umce","1","2026-09-27T16:31:41.3710424+00:00","646522184381b84f3179ea440c481a63331a8f518bdbf22902283a96953672c7","True","100","10060","500","0","16","8","False","0","221,9","169,8","503,4","671,1","100","185,46398290319686","187,35406710810705","1596809216","[18:31:44] [Server thread/INFO]: The game is running, but can't keep up with the target tick rate [18:31:44] [Server thread/INFO]: Target tick rate: 20,0 per second. Average time per tick: 221,9ms (Target: 50,0ms) [18:31:44] [Server thread/INFO]: Percentiles: P50: 169,8ms P95: 503,4ms P99: 671,1ms, sample: 100"
"with-umce","1","2026-09-27T16:31:44.2523047+00:00","646522184381b84f3179ea440c481a63331a8f518bdbf22902283a96953672c7","True","100","10060","500","0","16","8","False","0","225,6","169,8","503,4","671,1","100","198,7176578017339","187,35406710810705","1596809216","[18:31:45] [Server thread/INFO]: The game is running, but can't keep up with the target tick rate [18:31:45] [Server thread/INFO]: Target tick rate: 20,0 per second. Average time per tick: 225,6ms (Target: 50,0ms) [18:31:45] [Server thread/INFO]: Percentiles: P50: 169,8ms P95: 503,4ms P99: 671,1ms, sample: 100"
"with-umce","1","2026-09-27T16:31:45.7462698+00:00","646522184381b84f3179ea440c481a63331a8f518bdbf22902283a96953672c7","True","100","10060","500","0","16","8","False","0","226,2","169,8","503,4","671,1","100","176,1267505644185","187,35406710810705","1596809216","[18:31:47] [Server thread/INFO]: The game is running, but can't keep up with the target tick rate [18:31:47] [Server thread/INFO]: Target tick rate: 20,0 per second. Average time per tick: 226,2ms (Target: 50,0ms) [18:31:47] [Server thread/INFO]: Percentiles: P50: 169,8ms P95: 503,4ms P99: 671,1ms, sample: 100"
"with-umce","1","2026-09-27T16:31:47.1302072+00:00","646522184381b84f3179ea440c481a63331a8f518bdbf22902283a96953672c7","True","100","10060","500","0","16","8","False","0","227,4","170,7","503,4","671,1","100","167,52361835764734","187,35406710810705","1596809216","[18:31:50] [Server thread/INFO]: The game is running, but can't keep up with the target tick rate [18:31:50] [Server thread/INFO]: Target tick rate: 20,0 per second. Average time per tick: 227,4ms (Target: 50,0ms) [18:31:50] [Server thread/INFO]: Percentiles: P50: 170,7ms P95: 503,4ms P99: 671,1ms, sample: 100"
"with-umce","1","2026-09-27T16:31:50.6185254+00:00","646522184381b84f3179ea440c481a63331a8f518bdbf22902283a96953672c7","True","100","10060","500","0","16","8","False","0","231,9","172,4","520,3","671,1","100","204,0662065794068","187,35406710810705","1596809216","[18:31:52] [Server thread/INFO]: The game is running, but can't keep up with the target tick rate [18:31:52] [Server thread/INFO]: Target tick rate: 20,0 per second. Average time per tick: 231,9ms (Target: 50,0ms) [18:31:52] [Server thread/INFO]: Percentiles: P50: 172,4ms P95: 520,3ms P99: 671,1ms, sample: 100"
"with-umce","1","2026-09-27T16:31:52.9079071+00:00","646522184381b84f3179ea440c481a63331a8f518bdbf22902283a96953672c7","True","100","10060","500","0","16","8","False","0","233","174,4","520,3","671,1","100","189,95790415300954","187,35406710810705","1596809216","[18:31:54] [Server thread/INFO]: The game is running, but can't keep up with the target tick rate [18:31:54] [Server thread/INFO]: Target tick rate: 20,0 per second. Average time per tick: 233,0ms (Target: 50,0ms) [18:31:54] [Server thread/INFO]: Percentiles: P50: 174,4ms P95: 520,3ms P99: 671,1ms, sample: 100"
"with-umce","1","2026-09-27T16:31:54.3967041+00:00","646522184381b84f3179ea440c481a63331a8f518bdbf22902283a96953672c7","True","100","10060","500","0","16","8","False","0","234,5","175,8","520,3","671,1","100","219,05870017554437","187,35406710810705","1596809216","[18:31:55] [Server thread/INFO]: The game is running, but can't keep up with the target tick rate [18:31:55] [Server thread/INFO]: Target tick rate: 20,0 per second. Average time per tick: 234,5ms (Target: 50,0ms) [18:31:55] [Server thread/INFO]: Percentiles: P50: 175,8ms P95: 520,3ms P99: 671,1ms, sample: 100"
"with-umce","1","2026-09-27T16:31:56.0443915+00:00","646522184381b84f3179ea440c481a63331a8f518bdbf22902283a96953672c7","True","100","10060","500","0","16","8","False","0","238,5","176,9","544","671,1","100","184,2140895510017","187,35406710810705","1596809216","[18:31:58] [Server thread/INFO]: The game is running, but can't keep up with the target tick rate [18:31:58] [Server thread/INFO]: Target tick rate: 20,0 per second. Average time per tick: 238,5ms (Target: 50,0ms) [18:31:58] [Server thread/INFO]: Percentiles: P50: 176,9ms P95: 544,0ms P99: 671,1ms, sample: 100"
"with-umce","1","2026-09-27T16:31:58.5635420+00:00","646522184381b84f3179ea440c481a63331a8f518bdbf22902283a96953672c7","True","100","10060","500","0","16","8","False","0","239,5","182,3","544","671,1","100","211,69193323405779","187,35406710810705","1596809216","[18:32:00] [Server thread/INFO]: The game is running, but can't keep up with the target tick rate [18:32:00] [Server thread/INFO]: Target tick rate: 20,0 per second. Average time per tick: 239,5ms (Target: 50,0ms) [18:32:00] [Server thread/INFO]: Percentiles: P50: 182,3ms P95: 544,0ms P99: 671,1ms, sample: 100"
"with-umce","1","2026-09-27T16:32:00.9402401+00:00","646522184381b84f3179ea440c481a63331a8f518bdbf22902283a96953672c7","True","100","10060","500","0","16","8","False","0","241,1","182,6","544","671,1","100","199,49445084686053","187,35406710810705","1596809216","[18:32:02] [Server thread/INFO]: The game is running, but can't keep up with the target tick rate [18:32:02] [Server thread/INFO]: Target tick rate: 20,0 per second. Average time per tick: 241,1ms (Target: 50,0ms) [18:32:02] [Server thread/INFO]: Percentiles: P50: 182,6ms P95: 544,0ms P99: 671,1ms, sample: 100"
"with-umce","2","2026-09-27T16:33:01.9640699+00:00","646522184381b84f3179ea440c481a63331a8f518bdbf22902283a96953672c7","True","100","10060","500","0","16","8","False","0","194,9","146,8","447,8","617,9","100","214,5596035401576","180,5167311870733","1631477760","[18:33:03] [Server thread/INFO]: The game is running, but can't keep up with the target tick rate [18:33:03] [Server thread/INFO]: Target tick rate: 20,0 per second. Average time per tick: 194,9ms (Target: 50,0ms) [18:33:03] [Server thread/INFO]: Percentiles: P50: 146,8ms P95: 447,8ms P99: 617,9ms, sample: 100"
"with-umce","2","2026-09-27T16:33:03.2224443+00:00","646522184381b84f3179ea440c481a63331a8f518bdbf22902283a96953672c7","True","100","10060","500","0","16","8","False","0","196,7","153,4","447,8","617,9","100","201,685384663927","180,5167311870733","1631477760","[18:33:05] [Server thread/INFO]: The game is running, but can't keep up with the target tick rate [18:33:05] [Server thread/INFO]: Target tick rate: 20,0 per second. Average time per tick: 196,7ms (Target: 50,0ms) [18:33:05] [Server thread/INFO]: Percentiles: P50: 153,4ms P95: 447,8ms P99: 617,9ms, sample: 100"
"with-umce","2","2026-09-27T16:33:05.0993332+00:00","646522184381b84f3179ea440c481a63331a8f518bdbf22902283a96953672c7","True","100","10060","500","0","16","8","False","0","199,7","156","447,8","617,9","100","207,99619411900835","180,5167311870733","1631477760","[18:33:06] [Server thread/INFO]: The game is running, but can't keep up with the target tick rate [18:33:06] [Server thread/INFO]: Target tick rate: 20,0 per second. Average time per tick: 199,7ms (Target: 50,0ms) [18:33:06] [Server thread/INFO]: Percentiles: P50: 156,0ms P95: 447,8ms P99: 617,9ms, sample: 100"
"with-umce","2","2026-09-27T16:33:06.5040925+00:00","646522184381b84f3179ea440c481a63331a8f518bdbf22902283a96953672c7","True","100","10060","500","0","16","8","False","0","203,2","160","463,4","617,9","100","181,3610817331884","180,5167311870733","1631477760","[18:33:08] [Server thread/INFO]: The game is running, but can't keep up with the target tick rate [18:33:08] [Server thread/INFO]: Target tick rate: 20,0 per second. Average time per tick: 203,2ms (Target: 50,0ms) [18:33:08] [Server thread/INFO]: Percentiles: P50: 160,0ms P95: 463,4ms P99: 617,9ms, sample: 100"
"with-umce","2","2026-09-27T16:33:08.1237813+00:00","646522184381b84f3179ea440c481a63331a8f518bdbf22902283a96953672c7","True","100","10060","500","0","16","8","False","0","204,9","160,9","463,4","617,9","100","165,0373238981024","180,5167311870733","1631477760","[18:33:10] [Server thread/INFO]: The game is running, but can't keep up with the target tick rate [18:33:10] [Server thread/INFO]: Target tick rate: 20,0 per second. Average time per tick: 204,9ms (Target: 50,0ms) [18:33:10] [Server thread/INFO]: Percentiles: P50: 160,9ms P95: 463,4ms P99: 617,9ms, sample: 100"
"with-umce","2","2026-09-27T16:33:10.2445168+00:00","646522184381b84f3179ea440c481a63331a8f518bdbf22902283a96953672c7","True","100","10060","500","0","16","8","False","0","207,7","161,4","463,4","617,9","100","170,95057785706942","180,5167311870733","1631477760","[18:33:12] [Server thread/INFO]: The game is running, but can't keep up with the target tick rate [18:33:12] [Server thread/INFO]: Target tick rate: 20,0 per second. Average time per tick: 207,7ms (Target: 50,0ms) [18:33:12] [Server thread/INFO]: Percentiles: P50: 161,4ms P95: 463,4ms P99: 617,9ms, sample: 100"
"with-umce","2","2026-09-27T16:33:12.5112487+00:00","646522184381b84f3179ea440c481a63331a8f518bdbf22902283a96953672c7","True","100","10060","500","0","16","8","False","0","210,9","163,8","463,4","617,9","100","217,22332490291504","180,5167311870733","1631477760","[18:33:13] [Server thread/INFO]: The game is running, but can't keep up with the target tick rate [18:33:13] [Server thread/INFO]: Target tick rate: 20,0 per second. Average time per tick: 210,9ms (Target: 50,0ms) [18:33:13] [Server thread/INFO]: Percentiles: P50: 163,8ms P95: 463,4ms P99: 617,9ms, sample: 100"
"with-umce","2","2026-09-27T16:33:13.8850986+00:00","646522184381b84f3179ea440c481a63331a8f518bdbf22902283a96953672c7","True","100","10060","500","0","16","8","False","0","212,1","166,3","463,4","617,9","100","180,9347121694428","180,5167311870733","1631477760","[18:33:15] [Server thread/INFO]: The game is running, but can't keep up with the target tick rate [18:33:15] [Server thread/INFO]: Target tick rate: 20,0 per second. Average time per tick: 212,1ms (Target: 50,0ms) [18:33:15] [Server thread/INFO]: Percentiles: P50: 166,3ms P95: 463,4ms P99: 617,9ms, sample: 100"
"with-umce","2","2026-09-27T16:33:15.5172722+00:00","646522184381b84f3179ea440c481a63331a8f518bdbf22902283a96953672c7","True","100","10060","500","0","16","8","False","0","214,8","168,2","463,4","617,9","100","189,98077206176052","180,5167311870733","1631477760","[18:33:17] [Server thread/INFO]: The game is running, but can't keep up with the target tick rate [18:33:17] [Server thread/INFO]: Target tick rate: 20,0 per second. Average time per tick: 214,8ms (Target: 50,0ms) [18:33:17] [Server thread/INFO]: Percentiles: P50: 168,2ms P95: 463,4ms P99: 617,9ms, sample: 100"
"with-umce","2","2026-09-27T16:33:17.5076098+00:00","646522184381b84f3179ea440c481a63331a8f518bdbf22902283a96953672c7","True","100","10060","500","0","16","8","False","0","218,3","172","463,4","617,9","100","160,22727272727272","180,5167311870733","1631477760","[18:33:20] [Server thread/INFO]: The game is running, but can't keep up with the target tick rate [18:33:20] [Server thread/INFO]: Target tick rate: 20,0 per second. Average time per tick: 218,3ms (Target: 50,0ms) [18:33:20] [Server thread/INFO]: Percentiles: P50: 172,0ms P95: 463,4ms P99: 617,9ms, sample: 100"
"with-umce","2","2026-09-27T16:33:20.2576050+00:00","646522184381b84f3179ea440c481a63331a8f518bdbf22902283a96953672c7","True","100","10060","500","0","16","8","False","0","219,7","174,9","463,4","617,9","100","175,64189263930422","180,5167311870733","1631477760","[18:33:22] [Server thread/INFO]: The game is running, but can't keep up with the target tick rate [18:33:22] [Server thread/INFO]: Target tick rate: 20,0 per second. Average time per tick: 219,7ms (Target: 50,0ms) [18:33:22] [Server thread/INFO]: Percentiles: P50: 174,9ms P95: 463,4ms P99: 617,9ms, sample: 100"
"with-umce","2","2026-09-27T16:33:22.7662709+00:00","646522184381b84f3179ea440c481a63331a8f518bdbf22902283a96953672c7","True","100","10060","500","0","16","8","False","0","223,1","177,7","463,4","617,9","100","185,886514466407","180,5167311870733","1631477760","[18:33:24] [Server thread/INFO]: The game is running, but can't keep up with the target tick rate [18:33:24] [Server thread/INFO]: Target tick rate: 20,0 per second. Average time per tick: 223,1ms (Target: 50,0ms) [18:33:24] [Server thread/INFO]: Percentiles: P50: 177,7ms P95: 463,4ms P99: 617,9ms, sample: 100"
"with-umce","2","2026-09-27T16:33:24.7583910+00:00","646522184381b84f3179ea440c481a63331a8f518bdbf22902283a96953672c7","True","100","10060","500","0","16","8","False","0","226,6","177,8","471,1","617,9","100","172,30905086137426","180,5167311870733","1631477760","[18:33:26] [Server thread/INFO]: The game is running, but can't keep up with the target tick rate [18:33:26] [Server thread/INFO]: Target tick rate: 20,0 per second. Average time per tick: 226,6ms (Target: 50,0ms) [18:33:26] [Server thread/INFO]: Percentiles: P50: 177,8ms P95: 471,1ms P99: 617,9ms, sample: 100"
"with-umce","2","2026-09-27T16:33:26.9075017+00:00","646522184381b84f3179ea440c481a63331a8f518bdbf22902283a96953672c7","True","100","10060","500","0","16","8","False","0","227,9","180,9","471,1","617,9","100","167,5378836163561","180,5167311870733","1631477760","[18:33:30] [Server thread/INFO]: The game is running, but can't keep up with the target tick rate [18:33:30] [Server thread/INFO]: Target tick rate: 20,0 per second. Average time per tick: 227,9ms (Target: 50,0ms) [18:33:30] [Server thread/INFO]: Percentiles: P50: 180,9ms P95: 471,1ms P99: 617,9ms, sample: 100"
"with-umce","2","2026-09-27T16:33:30.6659901+00:00","646522184381b84f3179ea440c481a63331a8f518bdbf22902283a96953672c7","True","100","10060","500","0","16","8","False","0","229,8","181,5","471,1","617,9","100","175,84044034881578","180,5167311870733","1631477760","[18:33:33] [Server thread/INFO]: The game is running, but can't keep up with the target tick rate [18:33:33] [Server thread/INFO]: Target tick rate: 20,0 per second. Average time per tick: 229,8ms (Target: 50,0ms) [18:33:33] [Server thread/INFO]: Percentiles: P50: 181,5ms P95: 471,1ms P99: 617,9ms, sample: 100"
"without-umce","2","2026-09-27T16:34:34.0341586+00:00",,"False","100","10060","500","0","16","8","False","0","149,9","134,5","289,8","610,1","100","160,1527040475402","175,9048223634814","1616449536","[18:34:35] [Server thread/INFO]: The game is running, but can't keep up with the target tick rate [18:34:35] [Server thread/INFO]: Target tick rate: 20,0 per second. Average time per tick: 149,9ms (Target: 50,0ms) [18:34:35] [Server thread/INFO]: Percentiles: P50: 134,5ms P95: 289,8ms P99: 610,1ms, sample: 100"
"without-umce","2","2026-09-27T16:34:35.4105014+00:00",,"False","100","10060","500","0","16","8","False","0","151,9","136,9","289,8","610,1","100","171,99940441132554","175,9048223634814","1616449536","[18:34:42] [Server thread/INFO]: The game is running, but can't keep up with the target tick rate [18:34:42] [Server thread/INFO]: Target tick rate: 20,0 per second. Average time per tick: 151,9ms (Target: 50,0ms) [18:34:42] [Server thread/INFO]: Percentiles: P50: 136,9ms P95: 289,8ms P99: 610,1ms, sample: 100"
"without-umce","2","2026-09-27T16:34:42.8220363+00:00",,"False","100","10060","500","0","16","8","False","0","154,1","137,3","289,8","610,1","100","180,9732299419459","175,9048223634814","1616449536","[18:34:50] [Server thread/INFO]: The game is running, but can't keep up with the target tick rate [18:34:50] [Server thread/INFO]: Target tick rate: 20,0 per second. Average time per tick: 154,1ms (Target: 50,0ms) [18:34:50] [Server thread/INFO]: Percentiles: P50: 137,3ms P95: 289,8ms P99: 610,1ms, sample: 100"
"without-umce","2","2026-09-27T16:34:50.4543926+00:00",,"False","100","10060","500","0","16","8","False","0","156,2","137,7","289,8","610,1","100","167,63708421979823","175,9048223634814","1616449536","[18:34:53] [Server thread/WARN]: stress049 moved too quickly! -10.251819530166387,0.0,0.0 [18:34:53] [Server thread/WARN]: stress093 moved too quickly! -10.142889517855622,0.0,0.0 [18:34:53] [Server thread/WARN]: stress021 moved too quickly! -10.142889517855622,0.0,0.0 [18:34:53] [Server thread/WARN]: stress086 moved too quickly! 0.0,-1.0,10.023036144564117 [18:34:55] [Server thread/INFO]: The game is running, but can't keep up with the target tick rate [18:34:55] [Server thread/INFO]: Target tick rate: 20,0 per second. Average time per tick: 156,2ms (Target: 50,0ms) [18:34:55] [Server thread/INFO]: Percentiles: P50: 137,7ms P95: 289,8ms P99: 610,1ms, sample: 100"
"without-umce","2","2026-09-27T16:34:55.2079384+00:00",,"False","100","10060","500","0","16","8","False","0","158,6","137,7","289,8","610,1","100","164,14027546148148","175,9048223634814","1616449536","[18:34:59] [Server thread/INFO]: The game is running, but can't keep up with the target tick rate [18:34:59] [Server thread/INFO]: Target tick rate: 20,0 per second. Average time per tick: 158,6ms (Target: 50,0ms) [18:34:59] [Server thread/INFO]: Percentiles: P50: 137,7ms P95: 289,8ms P99: 610,1ms, sample: 100"
"without-umce","2","2026-09-27T16:34:59.9771174+00:00",,"False","100","10060","500","0","16","8","False","0","161","137,8","289,8","610,1","100","184,91959208620804","175,9048223634814","1616449536","[18:35:11] [Server thread/INFO]: The game is running, but can't keep up with the target tick rate [18:35:11] [Server thread/INFO]: Target tick rate: 20,0 per second. Average time per tick: 161,0ms (Target: 50,0ms) [18:35:11] [Server thread/INFO]: Percentiles: P50: 137,8ms P95: 289,8ms P99: 610,1ms, sample: 100"
