"condition","repeat","time_utc","response","tick_mean_ms","tick_p50_ms","tick_p95_ms","tick_p99_ms","tick_sample_count","process_cpu_percent","working_set_bytes"
"without-umce","1","2026-09-26T14:44:50.9093094+00:00","[16:44:50] [Server thread/INFO]: System chat: The game is running normally [16:44:50] [Server thread/INFO]: System chat: Target tick rate: 20.0 per second. Average time per tick: 0.2ms (Target: 50.0ms) [16:44:50] [Server thread/INFO]: System chat: Percentiles: P50: 0.2ms P95: 0.2ms P99: 0.3ms. Sample: 100","0.2","0.2","0.2","0.3","100","1.4881892066137128","1372520448"
"without-umce","1","2026-09-26T14:44:55.8375423+00:00","[16:44:55] [Server thread/INFO]: System chat: The game is running normally [16:44:55] [Server thread/INFO]: System chat: Target tick rate: 20.0 per second. Average time per tick: 0.2ms (Target: 50.0ms) [16:44:55] [Server thread/INFO]: System chat: Percentiles: P50: 0.1ms P95: 0.2ms P99: 10.3ms. Sample: 100","0.2","0.1","0.2","10.3","100","0","1372520448"
"without-umce","1","2026-09-26T14:45:00.7469524+00:00","[16:45:00] [Server thread/INFO]: System chat: The game is running normally [16:45:00] [Server thread/INFO]: System chat: Target tick rate: 20.0 per second. Average time per tick: 0.2ms (Target: 50.0ms) [16:45:00] [Server thread/INFO]: System chat: Percentiles: P50: 0.1ms P95: 0.2ms P99: 2.5ms. Sample: 100","0.2","0.1","0.2","2.5","100","0","1372520448"
"without-umce","1","2026-09-26T14:45:05.6430503+00:00","[16:45:05] [Server thread/INFO]: System chat: The game is running normally [16:45:05] [Server thread/INFO]: System chat: Target tick rate: 20.0 per second. Average time per tick: 0.1ms (Target: 50.0ms) [16:45:05] [Server thread/INFO]: System chat: Percentiles: P50: 0.1ms P95: 0.2ms P99: 1.2ms. Sample: 100","0.1","0.1","0.2","1.2","100","0.3228288443078612","1372520448"
"without-umce","1","2026-09-26T14:45:10.4886730+00:00","[16:45:10] [Server thread/INFO]: System chat: The game is running normally [16:45:10] [Server thread/INFO]: System chat: Target tick rate: 20.0 per second. Average time per tick: 0.1ms (Target: 50.0ms) [16:45:10] [Server thread/INFO]: System chat: Percentiles: P50: 0.1ms P95: 0.2ms P99: 1.3ms. Sample: 100","0.1","0.1","0.2","1.3","100","0","1372520448"
"without-umce","1","2026-09-26T14:45:15.3251525+00:00","[16:45:15] [Server thread/INFO]: System chat: The game is running normally [16:45:15] [Server thread/INFO]: System chat: Target tick rate: 20.0 per second. Average time per tick: 0.1ms (Target: 50.0ms) [16:45:15] [Server thread/INFO]: System chat: Percentiles: P50: 0.1ms P95: 0.2ms P99: 1.4ms. Sample: 100","0.1","0.1","0.2","1.4","100","0.31881961694144395","1372520448"
"without-umce","1","2026-09-26T14:45:20.2238396+00:00","[16:45:20] [Server thread/INFO]: System chat: The game is running normally [16:45:20] [Server thread/INFO]: System chat: Target tick rate: 20.0 per second. Average time per tick: 0.1ms (Target: 50.0ms) [16:45:20] [Server thread/INFO]: System chat: Percentiles: P50: 0.1ms P95: 0.2ms P99: 1.1ms. Sample: 100","0.1","0.1","0.2","1.1","100","0.31843639963028364","1372520448"
"with-umce","1","2026-09-26T14:46:02.2522650+00:00","[16:46:02] [Server thread/INFO]: System chat: The game is running normally [16:46:02] [Server thread/INFO]: System chat: Target tick rate: 20.0 per second. Average time per tick: 0.2ms (Target: 50.0ms) [16:46:02] [Server thread/INFO]: System chat: Percentiles: P50: 0.2ms P95: 0.2ms P99: 0.5ms. Sample: 100","0.2","0.2","0.2","0.5","100","2.255008536319781","1367281664"
"with-umce","1","2026-09-26T14:46:07.1375246+00:00","[16:46:07] [Server thread/INFO]: System chat: The game is running normally [16:46:07] [Server thread/INFO]: System chat: Target tick rate: 20.0 per second. Average time per tick: 0.2ms (Target: 50.0ms) [16:46:07] [Server thread/INFO]: System chat: Percentiles: P50: 0.1ms P95: 0.2ms P99: 10.4ms. Sample: 100","0.2","0.1","0.2","10.4","100","0.639016690522949","1367281664"
"with-umce","1","2026-09-26T14:46:12.0271612+00:00","[16:46:12] [Server thread/INFO]: System chat: The game is running normally [16:46:12] [Server thread/INFO]: System chat: Target tick rate: 20.0 per second. Average time per tick: 0.2ms (Target: 50.0ms) [16:46:12] [Server thread/INFO]: System chat: Percentiles: P50: 0.1ms P95: 0.2ms P99: 2.3ms. Sample: 100","0.2","0.1","0.2","2.3","100","0","1367281664"
"with-umce","1","2026-09-26T14:46:16.9316027+00:00","[16:46:16] [Server thread/INFO]: System chat: The game is running normally [16:46:16] [Server thread/INFO]: System chat: Target tick rate: 20.0 per second. Average time per tick: 0.1ms (Target: 50.0ms) [16:46:16] [Server thread/INFO]: System chat: Percentiles: P50: 0.1ms P95: 0.2ms P99: 1.1ms. Sample: 100","0.1","0.1","0.2","1.1","100","0.3199678447162568","1367281664"
"with-umce","1","2026-09-26T14:46:21.8225334+00:00","[16:46:21] [Server thread/INFO]: System chat: The game is running normally [16:46:21] [Server thread/INFO]: System chat: Target tick rate: 20.0 per second. Average time per tick: 0.1ms (Target: 50.0ms) [16:46:21] [Server thread/INFO]: System chat: Percentiles: P50: 0.1ms P95: 0.2ms P99: 0.9ms. Sample: 100","0.1","0.1","0.2","0.9","100","1.2753391524712239","1367281664"
"with-umce","1","2026-09-26T14:46:26.7145057+00:00","[16:46:26] [Server thread/INFO]: System chat: The game is running normally [16:46:26] [Server thread/INFO]: System chat: Target tick rate: 20.0 per second. Average time per tick: 0.1ms (Target: 50.0ms) [16:46:26] [Server thread/INFO]: System chat: Percentiles: P50: 0.1ms P95: 0.2ms P99: 0.9ms. Sample: 100","0.1","0.1","0.2","0.9","100","0.31912540073980716","1367281664"
"with-umce","1","2026-09-26T14:46:31.6216615+00:00","[16:46:31] [Server thread/INFO]: System chat: The game is running normally [16:46:31] [Server thread/INFO]: System chat: Target tick rate: 20.0 per second. Average time per tick: 0.1ms (Target: 50.0ms) [16:46:31] [Server thread/INFO]: System chat: Percentiles: P50: 0.1ms P95: 0.2ms P99: 1.1ms. Sample: 100","0.1","0.1","0.2","1.1","100","0","1367281664"
"with-umce","2","2026-09-26T14:47:13.7218782+00:00","[16:47:13] [Server thread/INFO]: System chat: The game is running normally [16:47:13] [Server thread/INFO]: System chat: Target tick rate: 20.0 per second. Average time per tick: 0.2ms (Target: 50.0ms) [16:47:13] [Server thread/INFO]: System chat: Percentiles: P50: 0.2ms P95: 0.2ms P99: 0.4ms. Sample: 100","0.2","0.2","0.2","0.4","100","1.4811859991379261","1347305472"
"with-umce","2","2026-09-26T14:47:18.6327456+00:00","[16:47:18] [Server thread/INFO]: System chat: The game is running normally [16:47:18] [Server thread/INFO]: System chat: Target tick rate: 20.0 per second. Average time per tick: 0.3ms (Target: 50.0ms) [16:47:18] [Server thread/INFO]: System chat: Percentiles: P50: 0.1ms P95: 0.2ms P99: 12.1ms. Sample: 100","0.3","0.1","0.2","12.1","100","1.2784318121290248","1347305472"
"with-umce","2","2026-09-26T14:47:23.5294718+00:00","[16:47:23] [Server thread/INFO]: System chat: The game is running normally [16:47:23] [Server thread/INFO]: System chat: Target tick rate: 20.0 per second. Average time per tick: 0.2ms (Target: 50.0ms) [16:47:23] [Server thread/INFO]: System chat: Percentiles: P50: 0.1ms P95: 0.3ms P99: 2.7ms. Sample: 100","0.2","0.1","0.3","2.7","100","0.3193444064737416","1347305472"
"with-umce","2","2026-09-26T14:47:28.4172616+00:00","[16:47:28] [Server thread/INFO]: System chat: The game is running normally [16:47:28] [Server thread/INFO]: System chat: Target tick rate: 20.0 per second. Average time per tick: 0.1ms (Target: 50.0ms) [16:47:28] [Server thread/INFO]: System chat: Percentiles: P50: 0.1ms P95: 0.2ms P99: 1.2ms. Sample: 100","0.1","0.1","0.2","1.2","100","0.6403064881815916","1347305472"
"with-umce","2","2026-09-26T14:47:33.3150578+00:00","[16:47:33] [Server thread/INFO]: System chat: The game is running normally [16:47:33] [Server thread/INFO]: System chat: Target tick rate: 20.0 per second. Average time per tick: 0.1ms (Target: 50.0ms) [16:47:33] [Server thread/INFO]: System chat: Percentiles: P50: 0.1ms P95: 0.2ms P99: 0.9ms. Sample: 100","0.1","0.1","0.2","0.9","100","0.9553236646766043","1347305472"
"with-umce","2","2026-09-26T14:47:38.2219885+00:00","[16:47:38] [Server thread/INFO]: System chat: The game is running normally [16:47:38] [Server thread/INFO]: System chat: Target tick rate: 20.0 per second. Average time per tick: 0.1ms (Target: 50.0ms) [16:47:38] [Server thread/INFO]: System chat: Percentiles: P50: 0.1ms P95: 0.2ms P99: 1.2ms. Sample: 100","0.1","0.1","0.2","1.2","100","0","1347305472"
"with-umce","2","2026-09-26T14:47:43.1254274+00:00","[16:47:43] [Server thread/INFO]: System chat: The game is running normally [16:47:43] [Server thread/INFO]: System chat: Target tick rate: 20.0 per second. Average time per tick: 0.1ms (Target: 50.0ms) [16:47:43] [Server thread/INFO]: System chat: Percentiles: P50: 0.1ms P95: 0.2ms P99: 1.0ms. Sample: 100","0.1","0.1","0.2","1","100","0","1347305472"
"without-umce","2","2026-09-26T14:48:24.3528901+00:00","[16:48:24] [Server thread/INFO]: System chat: The game is running normally [16:48:24] [Server thread/INFO]: System chat: Target tick rate: 20.0 per second. Average time per tick: 0.2ms (Target: 50.0ms) [16:48:24] [Server thread/INFO]: System chat: Percentiles: P50: 0.2ms P95: 0.2ms P99: 0.4ms. Sample: 100","0.2","0.2","0.2","0.4","100","0.7395483127625307","1367904256"
"without-umce","2","2026-09-26T14:48:29.2744171+00:00","[16:48:29] [Server thread/INFO]: System chat: The game is running normally [16:48:29] [Server thread/INFO]: System chat: Target tick rate: 20.0 per second. Average time per tick: 0.2ms (Target: 50.0ms) [16:48:29] [Server thread/INFO]: System chat: Percentiles: P50: 0.1ms P95: 0.2ms P99: 10.0ms. Sample: 100","0.2","0.1","0.2","10","100","0","1367904256"
"without-umce","2","2026-09-26T14:48:34.1286705+00:00","[16:48:34] [Server thread/INFO]: System chat: The game is running normally [16:48:34] [Server thread/INFO]: System chat: Target tick rate: 20.0 per second. Average time per tick: 0.2ms (Target: 50.0ms) [16:48:34] [Server thread/INFO]: System chat: Percentiles: P50: 0.1ms P95: 0.2ms P99: 2.3ms. Sample: 100","0.2","0.1","0.2","2.3","100","0.6357414235176112","1367904256"
"without-umce","2","2026-09-26T14:48:39.0367243+00:00","[16:48:39] [Server thread/INFO]: System chat: The game is running normally [16:48:39] [Server thread/INFO]: System chat: Target tick rate: 20.0 per second. Average time per tick: 0.1ms (Target: 50.0ms) [16:48:39] [Server thread/INFO]: System chat: Percentiles: P50: 0.1ms P95: 0.2ms P99: 1.2ms. Sample: 100","0.1","0.1","0.2","1.2","100","0","1367904256"
"without-umce","2","2026-09-26T14:48:43.8540686+00:00","[16:48:43] [Server thread/INFO]: System chat: The game is running normally [16:48:43] [Server thread/INFO]: System chat: Target tick rate: 20.0 per second. Average time per tick: 0.1ms (Target: 50.0ms) [16:48:43] [Server thread/INFO]: System chat: Percentiles: P50: 0.1ms P95: 0.2ms P99: 1.4ms. Sample: 100","0.1","0.1","0.2","1.4","100","0","1367904256"
"without-umce","2","2026-09-26T14:48:48.6905727+00:00","[16:48:48] [Server thread/INFO]: System chat: The game is running normally [16:48:48] [Server thread/INFO]: System chat: Target tick rate: 20.0 per second. Average time per tick: 0.1ms (Target: 50.0ms) [16:48:48] [Server thread/INFO]: System chat: Percentiles: P50: 0.1ms P95: 0.2ms P99: 1.2ms. Sample: 100","0.1","0.1","0.2","1.2","100","0.31850343948042253","1367904256"
"without-umce","2","2026-09-26T14:48:53.5935664+00:00","[16:48:53] [Server thread/INFO]: System chat: The game is running normally [16:48:53] [Server thread/INFO]: System chat: Target tick rate: 20.0 per second. Average time per tick: 0.1ms (Target: 50.0ms) [16:48:53] [Server thread/INFO]: System chat: Percentiles: P50: 0.1ms P95: 0.2ms P99: 0.8ms. Sample: 100","0.1","0.1","0.2","0.8","100","1.276701992363933","1367904256"
"without-umce","3","2026-09-26T14:49:34.7293244+00:00","[16:49:34] [Server thread/INFO]: System chat: The game is running normally [16:49:34] [Server thread/INFO]: System chat: Target tick rate: 20.0 per second. Average time per tick: 0.2ms (Target: 50.0ms) [16:49:34] [Server thread/INFO]: System chat: Percentiles: P50: 0.2ms P95: 0.3ms P99: 0.5ms. Sample: 100","0.2","0.2","0.3","0.5","100","3.7046468244597257","1313501184"
"without-umce","3","2026-09-26T14:49:39.6542933+00:00","[16:49:39] [Server thread/INFO]: System chat: The game is running normally [16:49:39] [Server thread/INFO]: System chat: Target tick rate: 20.0 per second. Average time per tick: 0.5ms (Target: 50.0ms) [16:49:39] [Server thread/INFO]: System chat: Percentiles: P50: 0.1ms P95: 0.2ms P99: 30.7ms. Sample: 100","0.5","0.1","0.2","30.7","100","0.31895256345594425","1313501184"
"without-umce","3","2026-09-26T14:49:44.5391019+00:00","[16:49:44] [Server thread/INFO]: System chat: The game is running normally [16:49:44] [Server thread/INFO]: System chat: Target tick rate: 20.0 per second. Average time per tick: 0.2ms (Target: 50.0ms) [16:49:44] [Server thread/INFO]: System chat: Percentiles: P50: 0.1ms P95: 0.2ms P99: 2.4ms. Sample: 100","0.2","0.1","0.2","2.4","100","0.3184701237418978","1313501184"
"without-umce","3","2026-09-26T14:49:49.4523911+00:00","[16:49:49] [Server thread/INFO]: System chat: The game is running normally [16:49:49] [Server thread/INFO]: System chat: Target tick rate: 20.0 per second. Average time per tick: 0.1ms (Target: 50.0ms) [16:49:49] [Server thread/INFO]: System chat: Percentiles: P50: 0.1ms P95: 0.2ms P99: 1.2ms. Sample: 100","0.1","0.1","0.2","1.2","100","2.5500721976440595","1313501184"
"without-umce","3","2026-09-26T14:49:54.3541778+00:00","[16:49:54] [Server thread/INFO]: System chat: The game is running normally [16:49:54] [Server thread/INFO]: System chat: Target tick rate: 20.0 per second. Average time per tick: 0.1ms (Target: 50.0ms) [16:49:54] [Server thread/INFO]: System chat: Percentiles: P50: 0.1ms P95: 0.2ms P99: 1.0ms. Sample: 100","0.1","0.1","0.2","1","100","0.6481877769084111","1313501184"
"without-umce","3","2026-09-26T14:49:59.1839290+00:00","[16:49:59] [Server thread/INFO]: System chat: The game is running normally [16:49:59] [Server thread/INFO]: System chat: Target tick rate: 20.0 per second. Average time per tick: 0.1ms (Target: 50.0ms) [16:49:59] [Server thread/INFO]: System chat: Percentiles: P50: 0.1ms P95: 0.2ms P99: 0.9ms. Sample: 100","0.1","0.1","0.2","0.9","100","0","1313501184"
"without-umce","3","2026-09-26T14:50:04.0869735+00:00","[16:50:04] [Server thread/INFO]: System chat: The game is running normally [16:50:04] [Server thread/INFO]: System chat: Target tick rate: 20.0 per second. Average time per tick: 0.1ms (Target: 50.0ms) [16:50:04] [Server thread/INFO]: System chat: Percentiles: P50: 0.1ms P95: 0.2ms P99: 1.1ms. Sample: 100","0.1","0.1","0.2","1.1","100","0.6388255128552545","1313501184"
"with-umce","3","2026-09-26T14:50:45.8928181+00:00","[16:50:45] [Server thread/INFO]: System chat: The game is running normally [16:50:45] [Server thread/INFO]: System chat: Target tick rate: 20.0 per second. Average time per tick: 0.2ms (Target: 50.0ms) [16:50:45] [Server thread/INFO]: System chat: Percentiles: P50: 0.2ms P95: 0.2ms P99: 0.4ms. Sample: 100","0.2","0.2","0.2","0.4","100","0.7497243533453517","1359613952"
"with-umce","3","2026-09-26T14:50:50.7975978+00:00","[16:50:50] [Server thread/INFO]: System chat: The game is running normally [16:50:50] [Server thread/INFO]: System chat: Target tick rate: 20.0 per second. Average time per tick: 0.2ms (Target: 50.0ms) [16:50:50] [Server thread/INFO]: System chat: Percentiles: P50: 0.1ms P95: 0.2ms P99: 9.9ms. Sample: 100","0.2","0.1","0.2","9.9","100","2.235042893717136","1359613952"
"with-umce","3","2026-09-26T14:50:55.6885380+00:00","[16:50:55] [Server thread/INFO]: System chat: The game is running normally [16:50:55] [Server thread/INFO]: System chat: Target tick rate: 20.0 per second. Average time per tick: 0.2ms (Target: 50.0ms) [16:50:55] [Server thread/INFO]: System chat: Percentiles: P50: 0.1ms P95: 0.2ms P99: 2.6ms. Sample: 100","0.2","0.1","0.2","2.6","100","0.6394040860315027","1359613952"
"with-umce","3","2026-09-26T14:51:00.5765791+00:00","[16:51:00] [Server thread/INFO]: System chat: The game is running normally [16:51:00] [Server thread/INFO]: System chat: Target tick rate: 20.0 per second. Average time per tick: 0.1ms (Target: 50.0ms) [16:51:00] [Server thread/INFO]: System chat: Percentiles: P50: 0.1ms P95: 0.1ms P99: 1.4ms. Sample: 100","0.1","0.1","0.1","1.4","100","0","1359613952"
"with-umce","3","2026-09-26T14:51:05.4722156+00:00","[16:51:05] [Server thread/INFO]: System chat: The game is running normally [16:51:05] [Server thread/INFO]: System chat: Target tick rate: 20.0 per second. Average time per tick: 0.1ms (Target: 50.0ms) [16:51:05] [Server thread/INFO]: System chat: Percentiles: P50: 0.1ms P95: 0.2ms P99: 1.5ms. Sample: 100","0.1","0.1","0.2","1.5","100","0.31821070477103236","1359613952"
"with-umce","3","2026-09-26T14:51:10.3663097+00:00","[16:51:10] [Server thread/INFO]: System chat: The game is running normally [16:51:10] [Server thread/INFO]: System chat: Target tick rate: 20.0 per second. Average time per tick: 0.1ms (Target: 50.0ms) [16:51:10] [Server thread/INFO]: System chat: Percentiles: P50: 0.1ms P95: 0.2ms P99: 1.0ms. Sample: 100","0.1","0.1","0.2","1","100","0","1359613952"
"with-umce","3","2026-09-26T14:51:15.1964121+00:00","[16:51:15] [Server thread/INFO]: System chat: The game is running normally [16:51:15] [Server thread/INFO]: System chat: Target tick rate: 20.0 per second. Average time per tick: 0.1ms (Target: 50.0ms) [16:51:15] [Server thread/INFO]: System chat: Percentiles: P50: 0.1ms P95: 0.1ms P99: 0.8ms. Sample: 100","0.1","0.1","0.1","0.8","100","0","1359613952"
