"condition","repeat","time_utc","measurement_start_utc","measurement_end_utc","jfr_recording_enabled","artifact_sha256","small_box_section_probe_enabled","inside_wall_loop_enabled","poi_candidate_collection_enabled","brain_task_launch_cache_enabled","brain_running_task_buffer_enabled","inventory_scan_patch","umce_tick_profiler_enabled","players_observed","pigs_in_seed_world","villagers_in_seed_world","tnt_in_seed_world","hopper_rows","redstone_clock_pairs","idle_clients","save_all_interval_seconds","tick_mean_ms","tick_p50_ms","tick_p95_ms","tick_p99_ms","tick_sample_count","sample_cpu_percent_one_core","process_cpu_percent_one_core","working_set_bytes","response"
"without-umce","1","2026-09-29T20:21:18.2893362+00:00","2026-09-29T20:21:18.2873018+00:00","2026-09-29T20:21:33.3564406+00:00","True",,"False","False","False","False","False","none","False","0","0","0","0","64","0","False","0","1,7","1,2","4,2","16","100","0","9,747333196002396","1342644224","[22:21:18] [Server thread/INFO]: The game is running normally [22:21:18] [Server thread/INFO]: Target tick rate: 20,0 per second. Average time per tick: 1,7ms (Target: 50,0ms) [22:21:18] [Server thread/INFO]: Percentiles: P50: 1,2ms P95: 4,2ms P99: 16,0ms, sample: 100"
"without-umce","1","2026-09-29T20:21:18.4457570+00:00","2026-09-29T20:21:18.2873018+00:00","2026-09-29T20:21:33.3564406+00:00","True",,"False","False","False","False","False","none","False","0","0","0","0","64","0","False","0","1,7","1,2","4,2","16","100","0","9,747333196002396","1342644224","[22:21:18] [Server thread/INFO]: The game is running normally [22:21:18] [Server thread/INFO]: Target tick rate: 20,0 per second. Average time per tick: 1,7ms (Target: 50,0ms) [22:21:18] [Server thread/INFO]: Percentiles: P50: 1,2ms P95: 4,2ms P99: 16,0ms, sample: 100"
"without-umce","1","2026-09-29T20:21:18.5843189+00:00","2026-09-29T20:21:18.2873018+00:00","2026-09-29T20:21:33.3564406+00:00","True",,"False","False","False","False","False","none","False","0","0","0","0","64","0","False","0","1,7","1,2","4,2","16","100","0","9,747333196002396","1342644224","[22:21:18] [Server thread/INFO]: The game is running normally [22:21:18] [Server thread/INFO]: Target tick rate: 20,0 per second. Average time per tick: 1,7ms (Target: 50,0ms) [22:21:18] [Server thread/INFO]: Percentiles: P50: 1,2ms P95: 4,2ms P99: 16,0ms, sample: 100"
"without-umce","1","2026-09-29T20:21:18.7246658+00:00","2026-09-29T20:21:18.2873018+00:00","2026-09-29T20:21:33.3564406+00:00","True",,"False","False","False","False","False","none","False","0","0","0","0","64","0","False","0","1,7","1,2","4,2","16","100","0","9,747333196002396","1342644224","[22:21:18] [Server thread/INFO]: The game is running normally [22:21:18] [Server thread/INFO]: Target tick rate: 20,0 per second. Average time per tick: 1,7ms (Target: 50,0ms) [22:21:18] [Server thread/INFO]: Percentiles: P50: 1,2ms P95: 4,2ms P99: 16,0ms, sample: 100"
"without-umce","1","2026-09-29T20:21:18.8643340+00:00","2026-09-29T20:21:18.2873018+00:00","2026-09-29T20:21:33.3564406+00:00","True",,"False","False","False","False","False","none","False","0","0","0","0","64","0","False","0","1,7","1,2","4,2","16","100","0","9,747333196002396","1342644224","[22:21:18] [Server thread/INFO]: The game is running normally [22:21:18] [Server thread/INFO]: Target tick rate: 20,0 per second. Average time per tick: 1,7ms (Target: 50,0ms) [22:21:18] [Server thread/INFO]: Percentiles: P50: 1,2ms P95: 4,2ms P99: 16,0ms, sample: 100"
"without-umce","1","2026-09-29T20:21:18.9902292+00:00","2026-09-29T20:21:18.2873018+00:00","2026-09-29T20:21:33.3564406+00:00","True",,"False","False","False","False","False","none","False","0","0","0","0","64","0","False","0","1,7","1,2","4,2","16","100","0","9,747333196002396","1342644224","[22:21:19] [Server thread/INFO]: The game is running normally [22:21:19] [Server thread/INFO]: Target tick rate: 20,0 per second. Average time per tick: 1,7ms (Target: 50,0ms) [22:21:19] [Server thread/INFO]: Percentiles: P50: 1,2ms P95: 4,2ms P99: 16,0ms, sample: 100"
"without-umce","1","2026-09-29T20:21:19.1294707+00:00","2026-09-29T20:21:18.2873018+00:00","2026-09-29T20:21:33.3564406+00:00","True",,"False","False","False","False","False","none","False","0","0","0","0","64","0","False","0","1,7","1,2","4,2","16","100","0","9,747333196002396","1342644224","[22:21:19] [Server thread/INFO]: The game is running normally [22:21:19] [Server thread/INFO]: Target tick rate: 20,0 per second. Average time per tick: 1,7ms (Target: 50,0ms) [22:21:19] [Server thread/INFO]: Percentiles: P50: 1,2ms P95: 4,2ms P99: 16,0ms, sample: 100"
"without-umce","1","2026-09-29T20:21:19.2548604+00:00","2026-09-29T20:21:18.2873018+00:00","2026-09-29T20:21:33.3564406+00:00","True",,"False","False","False","False","False","none","False","0","0","0","0","64","0","False","0","1,7","1,2","4,2","16","100","0","9,747333196002396","1342644224","[22:21:19] [Server thread/INFO]: The game is running normally [22:21:19] [Server thread/INFO]: Target tick rate: 20,0 per second. Average time per tick: 1,7ms (Target: 50,0ms) [22:21:19] [Server thread/INFO]: Percentiles: P50: 1,2ms P95: 4,2ms P99: 16,0ms, sample: 100"
"without-umce","1","2026-09-29T20:21:19.3791185+00:00","2026-09-29T20:21:18.2873018+00:00","2026-09-29T20:21:33.3564406+00:00","True",,"False","False","False","False","False","none","False","0","0","0","0","64","0","False","0","1,7","1,2","4,2","16","100","0","9,747333196002396","1342644224","[22:21:19] [Server thread/INFO]: The game is running normally [22:21:19] [Server thread/INFO]: Target tick rate: 20,0 per second. Average time per tick: 1,7ms (Target: 50,0ms) [22:21:19] [Server thread/INFO]: Percentiles: P50: 1,2ms P95: 4,2ms P99: 16,0ms, sample: 100"
"without-umce","1","2026-09-29T20:21:19.5031350+00:00","2026-09-29T20:21:18.2873018+00:00","2026-09-29T20:21:33.3564406+00:00","True",,"False","False","False","False","False","none","False","0","0","0","0","64","0","False","0","1,7","1,3","4,2","16","100","0","9,747333196002396","1342644224","[22:21:19] [Server thread/INFO]: The game is running normally [22:21:19] [Server thread/INFO]: Target tick rate: 20,0 per second. Average time per tick: 1,7ms (Target: 50,0ms) [22:21:19] [Server thread/INFO]: Percentiles: P50: 1,3ms P95: 4,2ms P99: 16,0ms, sample: 100"
"without-umce","1","2026-09-29T20:21:19.6284310+00:00","2026-09-29T20:21:18.2873018+00:00","2026-09-29T20:21:33.3564406+00:00","True",,"False","False","False","False","False","none","False","0","0","0","0","64","0","False","0","1,7","1,3","4,2","16","100","0","9,747333196002396","1342644224","[22:21:19] [Server thread/INFO]: The game is running normally [22:21:19] [Server thread/INFO]: Target tick rate: 20,0 per second. Average time per tick: 1,7ms (Target: 50,0ms) [22:21:19] [Server thread/INFO]: Percentiles: P50: 1,3ms P95: 4,2ms P99: 16,0ms, sample: 100"
"without-umce","1","2026-09-29T20:21:19.7557164+00:00","2026-09-29T20:21:18.2873018+00:00","2026-09-29T20:21:33.3564406+00:00","True",,"False","False","False","False","False","none","False","0","0","0","0","64","0","False","0","1,7","1,3","4,2","16","100","0","9,747333196002396","1342644224","[22:21:19] [Server thread/INFO]: The game is running normally [22:21:19] [Server thread/INFO]: Target tick rate: 20,0 per second. Average time per tick: 1,7ms (Target: 50,0ms) [22:21:19] [Server thread/INFO]: Percentiles: P50: 1,3ms P95: 4,2ms P99: 16,0ms, sample: 100"
"without-umce","1","2026-09-29T20:21:19.8814465+00:00","2026-09-29T20:21:18.2873018+00:00","2026-09-29T20:21:33.3564406+00:00","True",,"False","False","False","False","False","none","False","0","0","0","0","64","0","False","0","1,7","1,3","4,2","16","100","0","9,747333196002396","1342644224","[22:21:19] [Server thread/INFO]: The game is running normally [22:21:19] [Server thread/INFO]: Target tick rate: 20,0 per second. Average time per tick: 1,7ms (Target: 50,0ms) [22:21:19] [Server thread/INFO]: Percentiles: P50: 1,3ms P95: 4,2ms P99: 16,0ms, sample: 100"
"without-umce","1","2026-09-29T20:21:20.0088355+00:00","2026-09-29T20:21:18.2873018+00:00","2026-09-29T20:21:33.3564406+00:00","True",,"False","False","False","False","False","none","False","0","0","0","0","64","0","False","0","1,8","1,3","4,2","16","100","24,90784098834313","9,747333196002396","1342644224","[22:21:20] [Server thread/INFO]: The game is running normally [22:21:20] [Server thread/INFO]: Target tick rate: 20,0 per second. Average time per tick: 1,8ms (Target: 50,0ms) [22:21:20] [Server thread/INFO]: Percentiles: P50: 1,3ms P95: 4,2ms P99: 16,0ms, sample: 100"
"without-umce","1","2026-09-29T20:21:20.1343027+00:00","2026-09-29T20:21:18.2873018+00:00","2026-09-29T20:21:33.3564406+00:00","True",,"False","False","False","False","False","none","False","0","0","0","0","64","0","False","0","1,8","1,3","4,2","16","100","0","9,747333196002396","1342644224","[22:21:20] [Server thread/INFO]: The game is running normally [22:21:20] [Server thread/INFO]: Target tick rate: 20,0 per second. Average time per tick: 1,8ms (Target: 50,0ms) [22:21:20] [Server thread/INFO]: Percentiles: P50: 1,3ms P95: 4,2ms P99: 16,0ms, sample: 100"
"without-umce","1","2026-09-29T20:21:20.2583447+00:00","2026-09-29T20:21:18.2873018+00:00","2026-09-29T20:21:33.3564406+00:00","True",,"False","False","False","False","False","none","False","0","0","0","0","64","0","False","0","1,8","1,3","4,2","16","100","0","9,747333196002396","1342644224","[22:21:20] [Server thread/INFO]: The game is running normally [22:21:20] [Server thread/INFO]: Target tick rate: 20,0 per second. Average time per tick: 1,8ms (Target: 50,0ms) [22:21:20] [Server thread/INFO]: Percentiles: P50: 1,3ms P95: 4,2ms P99: 16,0ms, sample: 100"
"without-umce","1","2026-09-29T20:21:20.3818405+00:00","2026-09-29T20:21:18.2873018+00:00","2026-09-29T20:21:33.3564406+00:00","True",,"False","False","False","False","False","none","False","0","0","0","0","64","0","False","0","1,8","1,3","4,2","16","100","0","9,747333196002396","1342644224","[22:21:20] [Server thread/INFO]: The game is running normally [22:21:20] [Server thread/INFO]: Target tick rate: 20,0 per second. Average time per tick: 1,8ms (Target: 50,0ms) [22:21:20] [Server thread/INFO]: Percentiles: P50: 1,3ms P95: 4,2ms P99: 16,0ms, sample: 100"
"without-umce","1","2026-09-29T20:21:20.5214467+00:00","2026-09-29T20:21:18.2873018+00:00","2026-09-29T20:21:33.3564406+00:00","True",,"False","False","False","False","False","none","False","0","0","0","0","64","0","False","0","1,8","1,3","4,2","16","100","0","9,747333196002396","1342644224","[22:21:20] [Server thread/INFO]: The game is running normally [22:21:20] [Server thread/INFO]: Target tick rate: 20,0 per second. Average time per tick: 1,8ms (Target: 50,0ms) [22:21:20] [Server thread/INFO]: Percentiles: P50: 1,3ms P95: 4,2ms P99: 16,0ms, sample: 100"
"without-umce","1","2026-09-29T20:21:20.6466563+00:00","2026-09-29T20:21:18.2873018+00:00","2026-09-29T20:21:33.3564406+00:00","True",,"False","False","False","False","False","none","False","0","0","0","0","64","0","False","0","1,8","1,3","4,2","16","100","0","9,747333196002396","1342644224","[22:21:20] [Server thread/INFO]: The game is running normally [22:21:20] [Server thread/INFO]: Target tick rate: 20,0 per second. Average time per tick: 1,8ms (Target: 50,0ms) [22:21:20] [Server thread/INFO]: Percentiles: P50: 1,3ms P95: 4,2ms P99: 16,0ms, sample: 100"
"without-umce","1","2026-09-29T20:21:20.7876565+00:00","2026-09-29T20:21:18.2873018+00:00","2026-09-29T20:21:33.3564406+00:00","True",,"False","False","False","False","False","none","False","0","0","0","0","64","0","False","0","1,8","1,3","4,2","16","100","74,65224000515997","9,747333196002396","1342644224","[22:21:20] [Server thread/INFO]: The game is running normally [22:21:20] [Server thread/INFO]: Target tick rate: 20,0 per second. Average time per tick: 1,8ms (Target: 50,0ms) [22:21:20] [Server thread/INFO]: Percentiles: P50: 1,3ms P95: 4,2ms P99: 16,0ms, sample: 100"
"without-umce","1","2026-09-29T20:21:20.9133540+00:00","2026-09-29T20:21:18.2873018+00:00","2026-09-29T20:21:33.3564406+00:00","True",,"False","False","False","False","False","none","False","0","0","0","0","64","0","False","0","1,8","1,3","4,2","16","100","22,37706755153349","9,747333196002396","1342644224","[22:21:20] [Server thread/INFO]: The game is running normally [22:21:20] [Server thread/INFO]: Target tick rate: 20,0 per second. Average time per tick: 1,8ms (Target: 50,0ms) [22:21:20] [Server thread/INFO]: Percentiles: P50: 1,3ms P95: 4,2ms P99: 16,0ms, sample: 100"
"without-umce","1","2026-09-29T20:21:21.0529526+00:00","2026-09-29T20:21:18.2873018+00:00","2026-09-29T20:21:33.3564406+00:00","True",,"False","False","False","False","False","none","False","0","0","0","0","64","0","False","0","1,8","1,3","4,2","16","100","0","9,747333196002396","1342644224","[22:21:21] [Server thread/INFO]: The game is running normally [22:21:21] [Server thread/INFO]: Target tick rate: 20,0 per second. Average time per tick: 1,8ms (Target: 50,0ms) [22:21:21] [Server thread/INFO]: Percentiles: P50: 1,3ms P95: 4,2ms P99: 16,0ms, sample: 100"
"without-umce","1","2026-09-29T20:21:21.1924999+00:00","2026-09-29T20:21:18.2873018+00:00","2026-09-29T20:21:33.3564406+00:00","True",,"False","False","False","False","False","none","False","0","0","0","0","64","0","False","0","1,8","1,3","4,2","16","100","0","9,747333196002396","1342644224","[22:21:21] [Server thread/INFO]: The game is running normally [22:21:21] [Server thread/INFO]: Target tick rate: 20,0 per second. Average time per tick: 1,8ms (Target: 50,0ms) [22:21:21] [Server thread/INFO]: Percentiles: P50: 1,3ms P95: 4,2ms P99: 16,0ms, sample: 100"
"without-umce","1","2026-09-29T20:21:21.3173719+00:00","2026-09-29T20:21:18.2873018+00:00","2026-09-29T20:21:33.3564406+00:00","True",,"False","False","False","False","False","none","False","0","0","0","0","64","0","False","0","1,8","1,3","3","16","100","0","9,747333196002396","1342644224","[22:21:21] [Server thread/INFO]: The game is running normally [22:21:21] [Server thread/INFO]: Target tick rate: 20,0 per second. Average time per tick: 1,8ms (Target: 50,0ms) [22:21:21] [Server thread/INFO]: Percentiles: P50: 1,3ms P95: 3,0ms P99: 16,0ms, sample: 100"
"without-umce","1","2026-09-29T20:21:21.4395236+00:00","2026-09-29T20:21:18.2873018+00:00","2026-09-29T20:21:33.3564406+00:00","True",,"False","False","False","False","False","none","False","0","0","0","0","64","0","False","0","1,6","1,3","2,6","14,5","100","12,44477506616638","9,747333196002396","1342644224","[22:21:21] [Server thread/INFO]: The game is running normally [22:21:21] [Server thread/INFO]: Target tick rate: 20,0 per second. Average time per tick: 1,6ms (Target: 50,0ms) [22:21:21] [Server thread/INFO]: Percentiles: P50: 1,3ms P95: 2,6ms P99: 14,5ms, sample: 100"
"without-umce","1","2026-09-29T20:21:21.5650839+00:00","2026-09-29T20:21:18.2873018+00:00","2026-09-29T20:21:33.3564406+00:00","True",,"False","False","False","False","False","none","False","0","0","0","0","64","0","False","0","1,4","1,2","2,2","4,2","100","50,26111655271467","9,747333196002396","1342644224","[22:21:21] [Server thread/INFO]: The game is running normally [22:21:21] [Server thread/INFO]: Target tick rate: 20,0 per second. Average time per tick: 1,4ms (Target: 50,0ms) [22:21:21] [Server thread/INFO]: Percentiles: P50: 1,2ms P95: 2,2ms P99: 4,2ms, sample: 100"
"without-umce","1","2026-09-29T20:21:21.6894147+00:00","2026-09-29T20:21:18.2873018+00:00","2026-09-29T20:21:33.3564406+00:00","True",,"False","False","False","False","False","none","False","0","0","0","0","64","0","False","0","1,3","1,2","2,2","2,6","100","12,482414774066294","9,747333196002396","1342644224","[22:21:21] [Server thread/INFO]: The game is running normally [22:21:21] [Server thread/INFO]: Target tick rate: 20,0 per second. Average time per tick: 1,3ms (Target: 50,0ms) [22:21:21] [Server thread/INFO]: Percentiles: P50: 1,2ms P95: 2,2ms P99: 2,6ms, sample: 100"
"without-umce","1","2026-09-29T20:21:21.8146369+00:00","2026-09-29T20:21:18.2873018+00:00","2026-09-29T20:21:33.3564406+00:00","True",,"False","False","False","False","False","none","False","0","0","0","0","64","0","False","0","1,3","1,2","2,2","2,6","100","12,483850890488064","9,747333196002396","1342644224","[22:21:21] [Server thread/INFO]: The game is running normally [22:21:21] [Server thread/INFO]: Target tick rate: 20,0 per second. Average time per tick: 1,3ms (Target: 50,0ms) [22:21:21] [Server thread/INFO]: Percentiles: P50: 1,2ms P95: 2,2ms P99: 2,6ms, sample: 100"
"without-umce","1","2026-09-29T20:21:21.9397611+00:00","2026-09-29T20:21:18.2873018+00:00","2026-09-29T20:21:33.3564406+00:00","True",,"False","False","False","False","False","none","False","0","0","0","0","64","0","False","0","1,3","1,2","2,2","2,6","100","0","9,747333196002396","1342644224","[22:21:21] [Server thread/INFO]: The game is running normally [22:21:21] [Server thread/INFO]: Target tick rate: 20,0 per second. Average time per tick: 1,3ms (Target: 50,0ms) [22:21:21] [Server thread/INFO]: Percentiles: P50: 1,2ms P95: 2,2ms P99: 2,6ms, sample: 100"
"without-umce","1","2026-09-29T20:21:22.0656847+00:00","2026-09-29T20:21:18.2873018+00:00","2026-09-29T20:21:33.3564406+00:00","True",,"False","False","False","False","False","none","False","0","0","0","0","64","0","False","0","1,3","1,2","2,2","2,6","100","0","9,747333196002396","1342644224","[22:21:22] [Server thread/INFO]: The game is running normally [22:21:22] [Server thread/INFO]: Target tick rate: 20,0 per second. Average time per tick: 1,3ms (Target: 50,0ms) [22:21:22] [Server thread/INFO]: Percentiles: P50: 1,2ms P95: 2,2ms P99: 2,6ms, sample: 100"
"without-umce","1","2026-09-29T20:21:22.1893488+00:00","2026-09-29T20:21:18.2873018+00:00","2026-09-29T20:21:33.3564406+00:00","True",,"False","False","False","False","False","none","False","0","0","0","0","64","0","False","0","1,3","1,2","2,2","2,6","100","12,393947470286255","9,747333196002396","1342644224","[22:21:22] [Server thread/INFO]: The game is running normally [22:21:22] [Server thread/INFO]: Target tick rate: 20,0 per second. Average time per tick: 1,3ms (Target: 50,0ms) [22:21:22] [Server thread/INFO]: Percentiles: P50: 1,2ms P95: 2,2ms P99: 2,6ms, sample: 100"
"without-umce","1","2026-09-29T20:21:22.3154644+00:00","2026-09-29T20:21:18.2873018+00:00","2026-09-29T20:21:33.3564406+00:00","True",,"False","False","False","False","False","none","False","0","0","0","0","64","0","False","0","1,3","1,2","2,2","2,6","100","25,27850849519668","9,747333196002396","1342644224","[22:21:22] [Server thread/INFO]: The game is running normally [22:21:22] [Server thread/INFO]: Target tick rate: 20,0 per second. Average time per tick: 1,3ms (Target: 50,0ms) [22:21:22] [Server thread/INFO]: Percentiles: P50: 1,2ms P95: 2,2ms P99: 2,6ms, sample: 100"
"without-umce","1","2026-09-29T20:21:22.4390392+00:00","2026-09-29T20:21:18.2873018+00:00","2026-09-29T20:21:33.3564406+00:00","True",,"False","False","False","False","False","none","False","0","0","0","0","64","0","False","0","1,3","1,2","2,2","2,6","100","12,647868763285322","9,747333196002396","1342644224","[22:21:22] [Server thread/INFO]: The game is running normally [22:21:22] [Server thread/INFO]: Target tick rate: 20,0 per second. Average time per tick: 1,3ms (Target: 50,0ms) [22:21:22] [Server thread/INFO]: Percentiles: P50: 1,2ms P95: 2,2ms P99: 2,6ms, sample: 100"
"without-umce","1","2026-09-29T20:21:22.5625586+00:00","2026-09-29T20:21:18.2873018+00:00","2026-09-29T20:21:33.3564406+00:00","True",,"False","False","False","False","False","none","False","0","0","0","0","64","0","False","0","1,3","1,2","2,2","2,6","100","50,32347932510175","9,747333196002396","1342644224","[22:21:22] [Server thread/INFO]: The game is running normally [22:21:22] [Server thread/INFO]: Target tick rate: 20,0 per second. Average time per tick: 1,3ms (Target: 50,0ms) [22:21:22] [Server thread/INFO]: Percentiles: P50: 1,2ms P95: 2,2ms P99: 2,6ms, sample: 100"
"without-umce","1","2026-09-29T20:21:22.6867535+00:00","2026-09-29T20:21:18.2873018+00:00","2026-09-29T20:21:33.3564406+00:00","True",,"False","False","False","False","False","none","False","0","0","0","0","64","0","False","0","1,4","1,2","2,2","2,6","100","0","9,747333196002396","1342644224","[22:21:22] [Server thread/INFO]: The game is running normally [22:21:22] [Server thread/INFO]: Target tick rate: 20,0 per second. Average time per tick: 1,4ms (Target: 50,0ms) [22:21:22] [Server thread/INFO]: Percentiles: P50: 1,2ms P95: 2,2ms P99: 2,6ms, sample: 100"
"without-umce","1","2026-09-29T20:21:22.8110674+00:00","2026-09-29T20:21:18.2873018+00:00","2026-09-29T20:21:33.3564406+00:00","True",,"False","False","False","False","False","none","False","0","0","0","0","64","0","False","0","1,4","1,3","2,2","2,6","100","25,192429856213707","9,747333196002396","1342644224","[22:21:22] [Server thread/INFO]: The game is running normally [22:21:22] [Server thread/INFO]: Target tick rate: 20,0 per second. Average time per tick: 1,4ms (Target: 50,0ms) [22:21:22] [Server thread/INFO]: Percentiles: P50: 1,3ms P95: 2,2ms P99: 2,6ms, sample: 100"
"without-umce","1","2026-09-29T20:21:22.9351146+00:00","2026-09-29T20:21:18.2873018+00:00","2026-09-29T20:21:33.3564406+00:00","True",,"False","False","False","False","False","none","False","0","0","0","0","64","0","False","0","1,4","1,2","2,2","2,6","100","0","9,747333196002396","1342644224","[22:21:22] [Server thread/INFO]: The game is running normally [22:21:22] [Server thread/INFO]: Target tick rate: 20,0 per second. Average time per tick: 1,4ms (Target: 50,0ms) [22:21:22] [Server thread/INFO]: Percentiles: P50: 1,2ms P95: 2,2ms P99: 2,6ms, sample: 100"
"without-umce","1","2026-09-29T20:21:23.0595957+00:00","2026-09-29T20:21:18.2873018+00:00","2026-09-29T20:21:33.3564406+00:00","True",,"False","False","False","False","False","none","False","0","0","0","0","64","0","False","0","1,4","1,3","2,2","2,6","100","0","9,747333196002396","1342644224","[22:21:23] [Server thread/INFO]: The game is running normally [22:21:23] [Server thread/INFO]: Target tick rate: 20,0 per second. Average time per tick: 1,4ms (Target: 50,0ms) [22:21:23] [Server thread/INFO]: Percentiles: P50: 1,3ms P95: 2,2ms P99: 2,6ms, sample: 100"
"without-umce","1","2026-09-29T20:21:23.1876438+00:00","2026-09-29T20:21:18.2873018+00:00","2026-09-29T20:21:33.3564406+00:00","True",,"False","False","False","False","False","none","False","0","0","0","0","64","0","False","0","1,4","1,3","2,2","2,6","100","0","9,747333196002396","1342644224","[22:21:23] [Server thread/INFO]: The game is running normally [22:21:23] [Server thread/INFO]: Target tick rate: 20,0 per second. Average time per tick: 1,4ms (Target: 50,0ms) [22:21:23] [Server thread/INFO]: Percentiles: P50: 1,3ms P95: 2,2ms P99: 2,6ms, sample: 100"
"without-umce","1","2026-09-29T20:21:23.3133047+00:00","2026-09-29T20:21:18.2873018+00:00","2026-09-29T20:21:33.3564406+00:00","True",,"False","False","False","False","False","none","False","0","0","0","0","64","0","False","0","1,4","1,3","2,2","2,6","100","37,950702543405484","9,747333196002396","1342644224","[22:21:23] [Server thread/INFO]: The game is running normally [22:21:23] [Server thread/INFO]: Target tick rate: 20,0 per second. Average time per tick: 1,4ms (Target: 50,0ms) [22:21:23] [Server thread/INFO]: Percentiles: P50: 1,3ms P95: 2,2ms P99: 2,6ms, sample: 100"
"without-umce","1","2026-09-29T20:21:23.4353480+00:00","2026-09-29T20:21:18.2873018+00:00","2026-09-29T20:21:33.3564406+00:00","True",,"False","False","False","False","False","none","False","0","0","0","0","64","0","False","0","1,4","1,2","2,2","2,6","100","0","9,747333196002396","1342644224","[22:21:23] [Server thread/INFO]: The game is running normally [22:21:23] [Server thread/INFO]: Target tick rate: 20,0 per second. Average time per tick: 1,4ms (Target: 50,0ms) [22:21:23] [Server thread/INFO]: Percentiles: P50: 1,2ms P95: 2,2ms P99: 2,6ms, sample: 100"
"without-umce","1","2026-09-29T20:21:23.5609276+00:00","2026-09-29T20:21:18.2873018+00:00","2026-09-29T20:21:33.3564406+00:00","True",,"False","False","False","False","False","none","False","0","0","0","0","64","0","False","0","1,4","1,2","2,2","2,6","100","12,423787517850498","9,747333196002396","1342644224","[22:21:23] [Server thread/INFO]: The game is running normally [22:21:23] [Server thread/INFO]: Target tick rate: 20,0 per second. Average time per tick: 1,4ms (Target: 50,0ms) [22:21:23] [Server thread/INFO]: Percentiles: P50: 1,2ms P95: 2,2ms P99: 2,6ms, sample: 100"
"without-umce","1","2026-09-29T20:21:23.6866682+00:00","2026-09-29T20:21:18.2873018+00:00","2026-09-29T20:21:33.3564406+00:00","True",,"False","False","False","False","False","none","False","0","0","0","0","64","0","False","0","1,3","1,2","2,2","2,6","100","12,47589656783095","9,747333196002396","1342644224","[22:21:23] [Server thread/INFO]: The game is running normally [22:21:23] [Server thread/INFO]: Target tick rate: 20,0 per second. Average time per tick: 1,3ms (Target: 50,0ms) [22:21:23] [Server thread/INFO]: Percentiles: P50: 1,2ms P95: 2,2ms P99: 2,6ms, sample: 100"
"without-umce","1","2026-09-29T20:21:23.8119183+00:00","2026-09-29T20:21:18.2873018+00:00","2026-09-29T20:21:33.3564406+00:00","True",,"False","False","False","False","False","none","False","0","0","0","0","64","0","False","0","1,3","1,2","2,2","2,6","100","0","9,747333196002396","1342644224","[22:21:23] [Server thread/INFO]: The game is running normally [22:21:23] [Server thread/INFO]: Target tick rate: 20,0 per second. Average time per tick: 1,3ms (Target: 50,0ms) [22:21:23] [Server thread/INFO]: Percentiles: P50: 1,2ms P95: 2,2ms P99: 2,6ms, sample: 100"
"without-umce","1","2026-09-29T20:21:23.9367032+00:00","2026-09-29T20:21:18.2873018+00:00","2026-09-29T20:21:33.3564406+00:00","True",,"False","False","False","False","False","none","False","0","0","0","0","64","0","False","0","1,3","1,2","2,1","2,6","100","12,401236552099082","9,747333196002396","1342644224","[22:21:23] [Server thread/INFO]: The game is running normally [22:21:23] [Server thread/INFO]: Target tick rate: 20,0 per second. Average time per tick: 1,3ms (Target: 50,0ms) [22:21:23] [Server thread/INFO]: Percentiles: P50: 1,2ms P95: 2,1ms P99: 2,6ms, sample: 100"
"without-umce","1","2026-09-29T20:21:24.0627013+00:00","2026-09-29T20:21:18.2873018+00:00","2026-09-29T20:21:33.3564406+00:00","True",,"False","False","False","False","False","none","False","0","0","0","0","64","0","False","0","1,3","1,2","2,1","2,4","100","24,78964498848571","9,747333196002396","1342644224","[22:21:24] [Server thread/INFO]: The game is running normally [22:21:24] [Server thread/INFO]: Target tick rate: 20,0 per second. Average time per tick: 1,3ms (Target: 50,0ms) [22:21:24] [Server thread/INFO]: Percentiles: P50: 1,2ms P95: 2,1ms P99: 2,4ms, sample: 100"
"without-umce","1","2026-09-29T20:21:24.1887597+00:00","2026-09-29T20:21:18.2873018+00:00","2026-09-29T20:21:33.3564406+00:00","True",,"False","False","False","False","False","none","False","0","0","0","0","64","0","False","0","1,3","1,2","2","2,4","100","74,80962446765471","9,747333196002396","1342644224","[22:21:24] [Server thread/INFO]: The game is running normally [22:21:24] [Server thread/INFO]: Target tick rate: 20,0 per second. Average time per tick: 1,3ms (Target: 50,0ms) [22:21:24] [Server thread/INFO]: Percentiles: P50: 1,2ms P95: 2,0ms P99: 2,4ms, sample: 100"
"without-umce","1","2026-09-29T20:21:24.3141107+00:00","2026-09-29T20:21:18.2873018+00:00","2026-09-29T20:21:33.3564406+00:00","True",,"False","False","False","False","False","none","False","0","0","0","0","64","0","False","0","1,3","1,2","2","2,4","100","149,6014617060152","9,747333196002396","1342644224","[22:21:24] [Server thread/INFO]: The game is running normally [22:21:24] [Server thread/INFO]: Target tick rate: 20,0 per second. Average time per tick: 1,3ms (Target: 50,0ms) [22:21:24] [Server thread/INFO]: Percentiles: P50: 1,2ms P95: 2,0ms P99: 2,4ms, sample: 100"
"without-umce","1","2026-09-29T20:21:24.4394304+00:00","2026-09-29T20:21:18.2873018+00:00","2026-09-29T20:21:33.3564406+00:00","True",,"False","False","False","False","False","none","False","0","0","0","0","64","0","False","0","1,3","1,2","2","2,4","100","0","9,747333196002396","1342644224","[22:21:24] [Server thread/INFO]: The game is running normally [22:21:24] [Server thread/INFO]: Target tick rate: 20,0 per second. Average time per tick: 1,3ms (Target: 50,0ms) [22:21:24] [Server thread/INFO]: Percentiles: P50: 1,2ms P95: 2,0ms P99: 2,4ms, sample: 100"
"without-umce","1","2026-09-29T20:21:24.5673125+00:00","2026-09-29T20:21:18.2873018+00:00","2026-09-29T20:21:33.3564406+00:00","True",,"False","False","False","False","False","none","False","0","0","0","0","64","0","False","0","1,3","1,2","2","2,4","100","0","9,747333196002396","1342644224","[22:21:24] [Server thread/INFO]: The game is running normally [22:21:24] [Server thread/INFO]: Target tick rate: 20,0 per second. Average time per tick: 1,3ms (Target: 50,0ms) [22:21:24] [Server thread/INFO]: Percentiles: P50: 1,2ms P95: 2,0ms P99: 2,4ms, sample: 100"
"without-umce","1","2026-09-29T20:21:24.6907393+00:00","2026-09-29T20:21:18.2873018+00:00","2026-09-29T20:21:33.3564406+00:00","True",,"False","False","False","False","False","none","False","0","0","0","0","64","0","False","0","1,3","1,2","2","2,4","100","0","9,747333196002396","1342644224","[22:21:24] [Server thread/INFO]: The game is running normally [22:21:24] [Server thread/INFO]: Target tick rate: 20,0 per second. Average time per tick: 1,3ms (Target: 50,0ms) [22:21:24] [Server thread/INFO]: Percentiles: P50: 1,2ms P95: 2,0ms P99: 2,4ms, sample: 100"
"without-umce","1","2026-09-29T20:21:24.8164211+00:00","2026-09-29T20:21:18.2873018+00:00","2026-09-29T20:21:33.3564406+00:00","True",,"False","False","False","False","False","none","False","0","0","0","0","64","0","False","0","1,3","1,2","2","2,4","100","0","9,747333196002396","1342644224","[22:21:24] [Server thread/INFO]: The game is running normally [22:21:24] [Server thread/INFO]: Target tick rate: 20,0 per second. Average time per tick: 1,3ms (Target: 50,0ms) [22:21:24] [Server thread/INFO]: Percentiles: P50: 1,2ms P95: 2,0ms P99: 2,4ms, sample: 100"
"without-umce","1","2026-09-29T20:21:24.9428901+00:00","2026-09-29T20:21:18.2873018+00:00","2026-09-29T20:21:33.3564406+00:00","True",,"False","False","False","False","False","none","False","0","0","0","0","64","0","False","0","1,3","1,2","2","2,2","100","0","9,747333196002396","1342644224","[22:21:24] [Server thread/INFO]: The game is running normally [22:21:24] [Server thread/INFO]: Target tick rate: 20,0 per second. Average time per tick: 1,3ms (Target: 50,0ms) [22:21:24] [Server thread/INFO]: Percentiles: P50: 1,2ms P95: 2,0ms P99: 2,2ms, sample: 100"
"without-umce","1","2026-09-29T20:21:25.0703932+00:00","2026-09-29T20:21:18.2873018+00:00","2026-09-29T20:21:33.3564406+00:00","True",,"False","False","False","False","False","none","False","0","0","0","0","64","0","False","0","1,3","1,2","2","2,2","100","87,21254744362581","9,747333196002396","1342644224","[22:21:25] [Server thread/INFO]: The game is running normally [22:21:25] [Server thread/INFO]: Target tick rate: 20,0 per second. Average time per tick: 1,3ms (Target: 50,0ms) [22:21:25] [Server thread/INFO]: Percentiles: P50: 1,2ms P95: 2,0ms P99: 2,2ms, sample: 100"
"without-umce","1","2026-09-29T20:21:25.1958065+00:00","2026-09-29T20:21:18.2873018+00:00","2026-09-29T20:21:33.3564406+00:00","True",,"False","False","False","False","False","none","False","0","0","0","0","64","0","False","0","1,3","1,2","2","2,2","100","0","9,747333196002396","1342644224","[22:21:25] [Server thread/INFO]: The game is running normally [22:21:25] [Server thread/INFO]: Target tick rate: 20,0 per second. Average time per tick: 1,3ms (Target: 50,0ms) [22:21:25] [Server thread/INFO]: Percentiles: P50: 1,2ms P95: 2,0ms P99: 2,2ms, sample: 100"
"without-umce","1","2026-09-29T20:21:25.3202117+00:00","2026-09-29T20:21:18.2873018+00:00","2026-09-29T20:21:33.3564406+00:00","True",,"False","False","False","False","False","none","False","0","0","0","0","64","0","False","0","1,3","1,2","2","2,2","100","12,52102530569332","9,747333196002396","1342644224","[22:21:25] [Server thread/INFO]: The game is running normally [22:21:25] [Server thread/INFO]: Target tick rate: 20,0 per second. Average time per tick: 1,3ms (Target: 50,0ms) [22:21:25] [Server thread/INFO]: Percentiles: P50: 1,2ms P95: 2,0ms P99: 2,2ms, sample: 100"
"without-umce","1","2026-09-29T20:21:25.4449571+00:00","2026-09-29T20:21:18.2873018+00:00","2026-09-29T20:21:33.3564406+00:00","True",,"False","False","False","False","False","none","False","0","0","0","0","64","0","False","0","1,3","1,2","2,1","2,3","100","12,37320925017164","9,747333196002396","1342644224","[22:21:25] [Server thread/INFO]: The game is running normally [22:21:25] [Server thread/INFO]: Target tick rate: 20,0 per second. Average time per tick: 1,3ms (Target: 50,0ms) [22:21:25] [Server thread/INFO]: Percentiles: P50: 1,2ms P95: 2,1ms P99: 2,3ms, sample: 100"
"without-umce","1","2026-09-29T20:21:25.5713329+00:00","2026-09-29T20:21:18.2873018+00:00","2026-09-29T20:21:33.3564406+00:00","True",,"False","False","False","False","False","none","False","0","0","0","0","64","0","False","0","1,3","1,2","2,1","2,3","100","24,839319410596733","9,747333196002396","1342644224","[22:21:25] [Server thread/INFO]: The game is running normally [22:21:25] [Server thread/INFO]: Target tick rate: 20,0 per second. Average time per tick: 1,3ms (Target: 50,0ms) [22:21:25] [Server thread/INFO]: Percentiles: P50: 1,2ms P95: 2,1ms P99: 2,3ms, sample: 100"
"without-umce","1","2026-09-29T20:21:25.6970635+00:00","2026-09-29T20:21:18.2873018+00:00","2026-09-29T20:21:33.3564406+00:00","True",,"False","False","False","False","False","none","False","0","0","0","0","64","0","False","0","1,3","1,2","2","2,3","100","0","9,747333196002396","1342644224","[22:21:25] [Server thread/INFO]: The game is running normally [22:21:25] [Server thread/INFO]: Target tick rate: 20,0 per second. Average time per tick: 1,3ms (Target: 50,0ms) [22:21:25] [Server thread/INFO]: Percentiles: P50: 1,2ms P95: 2,0ms P99: 2,3ms, sample: 100"
"without-umce","1","2026-09-29T20:21:25.8229894+00:00","2026-09-29T20:21:18.2873018+00:00","2026-09-29T20:21:33.3564406+00:00","True",,"False","False","False","False","False","none","False","0","0","0","0","64","0","False","0","1,3","1,2","2","2,3","100","12,538196361395354","9,747333196002396","1342644224","[22:21:25] [Server thread/INFO]: The game is running normally [22:21:25] [Server thread/INFO]: Target tick rate: 20,0 per second. Average time per tick: 1,3ms (Target: 50,0ms) [22:21:25] [Server thread/INFO]: Percentiles: P50: 1,2ms P95: 2,0ms P99: 2,3ms, sample: 100"
"without-umce","1","2026-09-29T20:21:25.9476175+00:00","2026-09-29T20:21:18.2873018+00:00","2026-09-29T20:21:33.3564406+00:00","True",,"False","False","False","False","False","none","False","0","0","0","0","64","0","False","0","1,3","1,2","2,1","3,1","100","0","9,747333196002396","1342644224","[22:21:25] [Server thread/INFO]: The game is running normally [22:21:25] [Server thread/INFO]: Target tick rate: 20,0 per second. Average time per tick: 1,3ms (Target: 50,0ms) [22:21:25] [Server thread/INFO]: Percentiles: P50: 1,2ms P95: 2,1ms P99: 3,1ms, sample: 100"
"without-umce","1","2026-09-29T20:21:26.0701948+00:00","2026-09-29T20:21:18.2873018+00:00","2026-09-29T20:21:33.3564406+00:00","True",,"False","False","False","False","False","none","False","0","0","0","0","64","0","False","0","1,3","1,2","2,1","3,1","100","0","9,747333196002396","1342644224","[22:21:26] [Server thread/INFO]: The game is running normally [22:21:26] [Server thread/INFO]: Target tick rate: 20,0 per second. Average time per tick: 1,3ms (Target: 50,0ms) [22:21:26] [Server thread/INFO]: Percentiles: P50: 1,2ms P95: 2,1ms P99: 3,1ms, sample: 100"
"without-umce","1","2026-09-29T20:21:26.1961530+00:00","2026-09-29T20:21:18.2873018+00:00","2026-09-29T20:21:33.3564406+00:00","True",,"False","False","False","False","False","none","False","0","0","0","0","64","0","False","0","1,3","1,2","2,1","3,1","100","62,03858184367945","9,747333196002396","1342644224","[22:21:26] [Server thread/INFO]: The game is running normally [22:21:26] [Server thread/INFO]: Target tick rate: 20,0 per second. Average time per tick: 1,3ms (Target: 50,0ms) [22:21:26] [Server thread/INFO]: Percentiles: P50: 1,2ms P95: 2,1ms P99: 3,1ms, sample: 100"
"without-umce","1","2026-09-29T20:21:26.3220952+00:00","2026-09-29T20:21:18.2873018+00:00","2026-09-29T20:21:33.3564406+00:00","True",,"False","False","False","False","False","none","False","0","0","0","0","64","0","False","0","1,3","1,2","2,1","3,1","100","12,728854623038535","9,747333196002396","1342644224","[22:21:26] [Server thread/INFO]: The game is running normally [22:21:26] [Server thread/INFO]: Target tick rate: 20,0 per second. Average time per tick: 1,3ms (Target: 50,0ms) [22:21:26] [Server thread/INFO]: Percentiles: P50: 1,2ms P95: 2,1ms P99: 3,1ms, sample: 100"
"without-umce","1","2026-09-29T20:21:26.4448163+00:00","2026-09-29T20:21:18.2873018+00:00","2026-09-29T20:21:33.3564406+00:00","True",,"False","False","False","False","False","none","False","0","0","0","0","64","0","False","0","1,3","1,2","2,1","3,1","100","61,93127273620884","9,747333196002396","1342644224","[22:21:26] [Server thread/INFO]: The game is running normally [22:21:26] [Server thread/INFO]: Target tick rate: 20,0 per second. Average time per tick: 1,3ms (Target: 50,0ms) [22:21:26] [Server thread/INFO]: Percentiles: P50: 1,2ms P95: 2,1ms P99: 3,1ms, sample: 100"
"without-umce","1","2026-09-29T20:21:26.5710285+00:00","2026-09-29T20:21:18.2873018+00:00","2026-09-29T20:21:33.3564406+00:00","True",,"False","False","False","False","False","none","False","0","0","0","0","64","0","False","0","1,4","1,2","2,1","9,8","100","12,427700608937446","9,747333196002396","1342644224","[22:21:26] [Server thread/INFO]: The game is running normally [22:21:26] [Server thread/INFO]: Target tick rate: 20,0 per second. Average time per tick: 1,4ms (Target: 50,0ms) [22:21:26] [Server thread/INFO]: Percentiles: P50: 1,2ms P95: 2,1ms P99: 9,8ms, sample: 100"
"without-umce","1","2026-09-29T20:21:26.6967106+00:00","2026-09-29T20:21:18.2873018+00:00","2026-09-29T20:21:33.3564406+00:00","True",,"False","False","False","False","False","none","False","0","0","0","0","64","0","False","0","1,4","1,2","2,3","9,8","100","0","9,747333196002396","1342644224","[22:21:26] [Server thread/INFO]: The game is running normally [22:21:26] [Server thread/INFO]: Target tick rate: 20,0 per second. Average time per tick: 1,4ms (Target: 50,0ms) [22:21:26] [Server thread/INFO]: Percentiles: P50: 1,2ms P95: 2,3ms P99: 9,8ms, sample: 100"
"without-umce","1","2026-09-29T20:21:26.8241643+00:00","2026-09-29T20:21:18.2873018+00:00","2026-09-29T20:21:33.3564406+00:00","True",,"False","False","False","False","False","none","False","0","0","0","0","64","0","False","0","1,4","1,2","2,3","9,8","100","0","9,747333196002396","1342644224","[22:21:26] [Server thread/INFO]: The game is running normally [22:21:26] [Server thread/INFO]: Target tick rate: 20,0 per second. Average time per tick: 1,4ms (Target: 50,0ms) [22:21:26] [Server thread/INFO]: Percentiles: P50: 1,2ms P95: 2,3ms P99: 9,8ms, sample: 100"
"without-umce","1","2026-09-29T20:21:26.9477789+00:00","2026-09-29T20:21:18.2873018+00:00","2026-09-29T20:21:33.3564406+00:00","True",,"False","False","False","False","False","none","False","0","0","0","0","64","0","False","0","1,4","1,2","2,3","9,8","100","0","9,747333196002396","1342644224","[22:21:26] [Server thread/INFO]: The game is running normally [22:21:26] [Server thread/INFO]: Target tick rate: 20,0 per second. Average time per tick: 1,4ms (Target: 50,0ms) [22:21:26] [Server thread/INFO]: Percentiles: P50: 1,2ms P95: 2,3ms P99: 9,8ms, sample: 100"
"without-umce","1","2026-09-29T20:21:27.0717878+00:00","2026-09-29T20:21:18.2873018+00:00","2026-09-29T20:21:33.3564406+00:00","True",,"False","False","False","False","False","none","False","0","0","0","0","64","0","False","0","1,4","1,2","2,3","9,8","100","0","9,747333196002396","1342644224","[22:21:27] [Server thread/INFO]: The game is running normally [22:21:27] [Server thread/INFO]: Target tick rate: 20,0 per second. Average time per tick: 1,4ms (Target: 50,0ms) [22:21:27] [Server thread/INFO]: Percentiles: P50: 1,2ms P95: 2,3ms P99: 9,8ms, sample: 100"
"without-umce","1","2026-09-29T20:21:27.1968443+00:00","2026-09-29T20:21:18.2873018+00:00","2026-09-29T20:21:33.3564406+00:00","True",,"False","False","False","False","False","none","False","0","0","0","0","64","0","False","0","1,4","1,2","2,3","9,8","100","0","9,747333196002396","1342644224","[22:21:27] [Server thread/INFO]: The game is running normally [22:21:27] [Server thread/INFO]: Target tick rate: 20,0 per second. Average time per tick: 1,4ms (Target: 50,0ms) [22:21:27] [Server thread/INFO]: Percentiles: P50: 1,2ms P95: 2,3ms P99: 9,8ms, sample: 100"
"without-umce","1","2026-09-29T20:21:27.3203274+00:00","2026-09-29T20:21:18.2873018+00:00","2026-09-29T20:21:33.3564406+00:00","True",,"False","False","False","False","False","none","False","0","0","0","0","64","0","False","0","1,4","1,2","2,3","9,8","100","0","9,747333196002396","1342644224","[22:21:27] [Server thread/INFO]: The game is running normally [22:21:27] [Server thread/INFO]: Target tick rate: 20,0 per second. Average time per tick: 1,4ms (Target: 50,0ms) [22:21:27] [Server thread/INFO]: Percentiles: P50: 1,2ms P95: 2,3ms P99: 9,8ms, sample: 100"
"without-umce","1","2026-09-29T20:21:27.4603199+00:00","2026-09-29T20:21:18.2873018+00:00","2026-09-29T20:21:33.3564406+00:00","True",,"False","False","False","False","False","none","False","0","0","0","0","64","0","False","0","1,4","1,2","2,3","9,8","100","0","9,747333196002396","1342644224","[22:21:27] [Server thread/INFO]: The game is running normally [22:21:27] [Server thread/INFO]: Target tick rate: 20,0 per second. Average time per tick: 1,4ms (Target: 50,0ms) [22:21:27] [Server thread/INFO]: Percentiles: P50: 1,2ms P95: 2,3ms P99: 9,8ms, sample: 100"
"without-umce","1","2026-09-29T20:21:27.5859902+00:00","2026-09-29T20:21:18.2873018+00:00","2026-09-29T20:21:33.3564406+00:00","True",,"False","False","False","False","False","none","False","0","0","0","0","64","0","False","0","1,4","1,2","2,3","9,8","100","12,452808835636473","9,747333196002396","1342644224","[22:21:27] [Server thread/INFO]: The game is running normally [22:21:27] [Server thread/INFO]: Target tick rate: 20,0 per second. Average time per tick: 1,4ms (Target: 50,0ms) [22:21:27] [Server thread/INFO]: Percentiles: P50: 1,2ms P95: 2,3ms P99: 9,8ms, sample: 100"
"without-umce","1","2026-09-29T20:21:27.7114899+00:00","2026-09-29T20:21:18.2873018+00:00","2026-09-29T20:21:33.3564406+00:00","True",,"False","False","False","False","False","none","False","0","0","0","0","64","0","False","0","1,4","1,1","2,3","9,8","100","0","9,747333196002396","1342644224","[22:21:27] [Server thread/INFO]: The game is running normally [22:21:27] [Server thread/INFO]: Target tick rate: 20,0 per second. Average time per tick: 1,4ms (Target: 50,0ms) [22:21:27] [Server thread/INFO]: Percentiles: P50: 1,1ms P95: 2,3ms P99: 9,8ms, sample: 100"
"without-umce","1","2026-09-29T20:21:27.8363456+00:00","2026-09-29T20:21:18.2873018+00:00","2026-09-29T20:21:33.3564406+00:00","True",,"False","False","False","False","False","none","False","0","0","0","0","64","0","False","0","1,4","1,1","2,3","9,8","100","0","9,747333196002396","1342644224","[22:21:27] [Server thread/INFO]: The game is running normally [22:21:27] [Server thread/INFO]: Target tick rate: 20,0 per second. Average time per tick: 1,4ms (Target: 50,0ms) [22:21:27] [Server thread/INFO]: Percentiles: P50: 1,1ms P95: 2,3ms P99: 9,8ms, sample: 100"
"without-umce","1","2026-09-29T20:21:27.9599683+00:00","2026-09-29T20:21:18.2873018+00:00","2026-09-29T20:21:33.3564406+00:00","True",,"False","False","False","False","False","none","False","0","0","0","0","64","0","False","0","1,4","1,1","2,3","9,8","100","0","9,747333196002396","1342644224","[22:21:27] [Server thread/INFO]: The game is running normally [22:21:27] [Server thread/INFO]: Target tick rate: 20,0 per second. Average time per tick: 1,4ms (Target: 50,0ms) [22:21:27] [Server thread/INFO]: Percentiles: P50: 1,1ms P95: 2,3ms P99: 9,8ms, sample: 100"
"without-umce","1","2026-09-29T20:21:28.0874044+00:00","2026-09-29T20:21:18.2873018+00:00","2026-09-29T20:21:33.3564406+00:00","True",,"False","False","False","False","False","none","False","0","0","0","0","64","0","False","0","1,4","1,1","2,3","9,8","100","0","9,747333196002396","1342644224","[22:21:28] [Server thread/INFO]: The game is running normally [22:21:28] [Server thread/INFO]: Target tick rate: 20,0 per second. Average time per tick: 1,4ms (Target: 50,0ms) [22:21:28] [Server thread/INFO]: Percentiles: P50: 1,1ms P95: 2,3ms P99: 9,8ms, sample: 100"
"without-umce","1","2026-09-29T20:21:28.2115757+00:00","2026-09-29T20:21:18.2873018+00:00","2026-09-29T20:21:33.3564406+00:00","True",,"False","False","False","False","False","none","False","0","0","0","0","64","0","False","0","1,4","1,1","2,3","9,8","100","0","9,747333196002396","1342644224","[22:21:28] [Server thread/INFO]: The game is running normally [22:21:28] [Server thread/INFO]: Target tick rate: 20,0 per second. Average time per tick: 1,4ms (Target: 50,0ms) [22:21:28] [Server thread/INFO]: Percentiles: P50: 1,1ms P95: 2,3ms P99: 9,8ms, sample: 100"
"without-umce","1","2026-09-29T20:21:28.3365345+00:00","2026-09-29T20:21:18.2873018+00:00","2026-09-29T20:21:33.3564406+00:00","True",,"False","False","False","False","False","none","False","0","0","0","0","64","0","False","0","1,4","1,1","2,3","9,8","100","0","9,747333196002396","1342644224","[22:21:28] [Server thread/INFO]: The game is running normally [22:21:28] [Server thread/INFO]: Target tick rate: 20,0 per second. Average time per tick: 1,4ms (Target: 50,0ms) [22:21:28] [Server thread/INFO]: Percentiles: P50: 1,1ms P95: 2,3ms P99: 9,8ms, sample: 100"
"without-umce","1","2026-09-29T20:21:28.4613032+00:00","2026-09-29T20:21:18.2873018+00:00","2026-09-29T20:21:33.3564406+00:00","True",,"False","False","False","False","False","none","False","0","0","0","0","64","0","False","0","1,4","1,1","2,3","9,8","100","12,447719577773352","9,747333196002396","1342644224","[22:21:28] [Server thread/INFO]: The game is running normally [22:21:28] [Server thread/INFO]: Target tick rate: 20,0 per second. Average time per tick: 1,4ms (Target: 50,0ms) [22:21:28] [Server thread/INFO]: Percentiles: P50: 1,1ms P95: 2,3ms P99: 9,8ms, sample: 100"
"without-umce","1","2026-09-29T20:21:28.5868037+00:00","2026-09-29T20:21:18.2873018+00:00","2026-09-29T20:21:33.3564406+00:00","True",,"False","False","False","False","False","none","False","0","0","0","0","64","0","False","0","1,4","1,1","2,3","9,8","100","12,280175042597472","9,747333196002396","1342644224","[22:21:28] [Server thread/INFO]: The game is running normally [22:21:28] [Server thread/INFO]: Target tick rate: 20,0 per second. Average time per tick: 1,4ms (Target: 50,0ms) [22:21:28] [Server thread/INFO]: Percentiles: P50: 1,1ms P95: 2,3ms P99: 9,8ms, sample: 100"
"without-umce","1","2026-09-29T20:21:28.7140656+00:00","2026-09-29T20:21:18.2873018+00:00","2026-09-29T20:21:33.3564406+00:00","True",,"False","False","False","False","False","none","False","0","0","0","0","64","0","False","0","1,4","1,1","2,3","9,8","100","0","9,747333196002396","1342644224","[22:21:28] [Server thread/INFO]: The game is running normally [22:21:28] [Server thread/INFO]: Target tick rate: 20,0 per second. Average time per tick: 1,4ms (Target: 50,0ms) [22:21:28] [Server thread/INFO]: Percentiles: P50: 1,1ms P95: 2,3ms P99: 9,8ms, sample: 100"
"without-umce","1","2026-09-29T20:21:28.8381496+00:00","2026-09-29T20:21:18.2873018+00:00","2026-09-29T20:21:33.3564406+00:00","True",,"False","False","False","False","False","none","False","0","0","0","0","64","0","False","0","1,4","1,1","2,3","9,8","100","0","9,747333196002396","1342644224","[22:21:28] [Server thread/INFO]: The game is running normally [22:21:28] [Server thread/INFO]: Target tick rate: 20,0 per second. Average time per tick: 1,4ms (Target: 50,0ms) [22:21:28] [Server thread/INFO]: Percentiles: P50: 1,1ms P95: 2,3ms P99: 9,8ms, sample: 100"
"without-umce","1","2026-09-29T20:21:28.9642284+00:00","2026-09-29T20:21:18.2873018+00:00","2026-09-29T20:21:33.3564406+00:00","True",,"False","False","False","False","False","none","False","0","0","0","0","64","0","False","0","1,4","1,1","2,3","9,8","100","24,738680371499772","9,747333196002396","1342644224","[22:21:28] [Server thread/INFO]: The game is running normally [22:21:28] [Server thread/INFO]: Target tick rate: 20,0 per second. Average time per tick: 1,4ms (Target: 50,0ms) [22:21:28] [Server thread/INFO]: Percentiles: P50: 1,1ms P95: 2,3ms P99: 9,8ms, sample: 100"
"without-umce","1","2026-09-29T20:21:29.0905882+00:00","2026-09-29T20:21:18.2873018+00:00","2026-09-29T20:21:33.3564406+00:00","True",,"False","False","False","False","False","none","False","0","0","0","0","64","0","False","0","1,4","1,1","2,3","9,8","100","0","9,747333196002396","1342644224","[22:21:29] [Server thread/INFO]: The game is running normally [22:21:29] [Server thread/INFO]: Target tick rate: 20,0 per second. Average time per tick: 1,4ms (Target: 50,0ms) [22:21:29] [Server thread/INFO]: Percentiles: P50: 1,1ms P95: 2,3ms P99: 9,8ms, sample: 100"
"without-umce","1","2026-09-29T20:21:29.2131063+00:00","2026-09-29T20:21:18.2873018+00:00","2026-09-29T20:21:33.3564406+00:00","True",,"False","False","False","False","False","none","False","0","0","0","0","64","0","False","0","1,4","1,1","2,3","9,8","100","0","9,747333196002396","1342644224","[22:21:29] [Server thread/INFO]: The game is running normally [22:21:29] [Server thread/INFO]: Target tick rate: 20,0 per second. Average time per tick: 1,4ms (Target: 50,0ms) [22:21:29] [Server thread/INFO]: Percentiles: P50: 1,1ms P95: 2,3ms P99: 9,8ms, sample: 100"
"without-umce","1","2026-09-29T20:21:29.3406333+00:00","2026-09-29T20:21:18.2873018+00:00","2026-09-29T20:21:33.3564406+00:00","True",,"False","False","False","False","False","none","False","0","0","0","0","64","0","False","0","1,4","1,1","2,3","9,8","100","0","9,747333196002396","1342644224","[22:21:29] [Server thread/INFO]: The game is running normally [22:21:29] [Server thread/INFO]: Target tick rate: 20,0 per second. Average time per tick: 1,4ms (Target: 50,0ms) [22:21:29] [Server thread/INFO]: Percentiles: P50: 1,1ms P95: 2,3ms P99: 9,8ms, sample: 100"
"without-umce","1","2026-09-29T20:21:29.4666592+00:00","2026-09-29T20:21:18.2873018+00:00","2026-09-29T20:21:33.3564406+00:00","True",,"False","False","False","False","False","none","False","0","0","0","0","64","0","False","0","1,4","1,1","2,3","9,8","100","12,432456947893483","9,747333196002396","1342644224","[22:21:29] [Server thread/INFO]: The game is running normally [22:21:29] [Server thread/INFO]: Target tick rate: 20,0 per second. Average time per tick: 1,4ms (Target: 50,0ms) [22:21:29] [Server thread/INFO]: Percentiles: P50: 1,1ms P95: 2,3ms P99: 9,8ms, sample: 100"
"without-umce","1","2026-09-29T20:21:29.5923076+00:00","2026-09-29T20:21:18.2873018+00:00","2026-09-29T20:21:33.3564406+00:00","True",,"False","False","False","False","False","none","False","0","0","0","0","64","0","False","0","1,4","1,1","2,3","9,8","100","12,588897760425017","9,747333196002396","1342644224","[22:21:29] [Server thread/INFO]: The game is running normally [22:21:29] [Server thread/INFO]: Target tick rate: 20,0 per second. Average time per tick: 1,4ms (Target: 50,0ms) [22:21:29] [Server thread/INFO]: Percentiles: P50: 1,1ms P95: 2,3ms P99: 9,8ms, sample: 100"
"without-umce","1","2026-09-29T20:21:29.7174052+00:00","2026-09-29T20:21:18.2873018+00:00","2026-09-29T20:21:33.3564406+00:00","True",,"False","False","False","False","False","none","False","0","0","0","0","64","0","False","0","1,3","1,1","2,3","9,8","100","12,433703492975456","9,747333196002396","1342644224","[22:21:29] [Server thread/INFO]: The game is running normally [22:21:29] [Server thread/INFO]: Target tick rate: 20,0 per second. Average time per tick: 1,3ms (Target: 50,0ms) [22:21:29] [Server thread/INFO]: Percentiles: P50: 1,1ms P95: 2,3ms P99: 9,8ms, sample: 100"
"without-umce","1","2026-09-29T20:21:29.8420782+00:00","2026-09-29T20:21:18.2873018+00:00","2026-09-29T20:21:33.3564406+00:00","True",,"False","False","False","False","False","none","False","0","0","0","0","64","0","False","0","1,3","1,1","2,3","9,8","100","12,650336600156256","9,747333196002396","1342644224","[22:21:29] [Server thread/INFO]: The game is running normally [22:21:29] [Server thread/INFO]: Target tick rate: 20,0 per second. Average time per tick: 1,3ms (Target: 50,0ms) [22:21:29] [Server thread/INFO]: Percentiles: P50: 1,1ms P95: 2,3ms P99: 9,8ms, sample: 100"
"without-umce","1","2026-09-29T20:21:29.9656105+00:00","2026-09-29T20:21:18.2873018+00:00","2026-09-29T20:21:33.3564406+00:00","True",,"False","False","False","False","False","none","False","0","0","0","0","64","0","False","0","1,3","1,1","2,3","9,8","100","0","9,747333196002396","1342644224","[22:21:29] [Server thread/INFO]: The game is running normally [22:21:29] [Server thread/INFO]: Target tick rate: 20,0 per second. Average time per tick: 1,3ms (Target: 50,0ms) [22:21:29] [Server thread/INFO]: Percentiles: P50: 1,1ms P95: 2,3ms P99: 9,8ms, sample: 100"
"without-umce","1","2026-09-29T20:21:30.0908271+00:00","2026-09-29T20:21:18.2873018+00:00","2026-09-29T20:21:33.3564406+00:00","True",,"False","False","False","False","False","none","False","0","0","0","0","64","0","False","0","1,3","1,1","2,3","9,8","100","0","9,747333196002396","1342644224","[22:21:30] [Server thread/INFO]: The game is running normally [22:21:30] [Server thread/INFO]: Target tick rate: 20,0 per second. Average time per tick: 1,3ms (Target: 50,0ms) [22:21:30] [Server thread/INFO]: Percentiles: P50: 1,1ms P95: 2,3ms P99: 9,8ms, sample: 100"
"without-umce","1","2026-09-29T20:21:30.2151571+00:00","2026-09-29T20:21:18.2873018+00:00","2026-09-29T20:21:33.3564406+00:00","True",,"False","False","False","False","False","none","False","0","0","0","0","64","0","False","0","1,3","1,1","2,3","9,8","100","0","9,747333196002396","1342644224","[22:21:30] [Server thread/INFO]: The game is running normally [22:21:30] [Server thread/INFO]: Target tick rate: 20,0 per second. Average time per tick: 1,3ms (Target: 50,0ms) [22:21:30] [Server thread/INFO]: Percentiles: P50: 1,1ms P95: 2,3ms P99: 9,8ms, sample: 100"
"without-umce","1","2026-09-29T20:21:30.3385267+00:00","2026-09-29T20:21:18.2873018+00:00","2026-09-29T20:21:33.3564406+00:00","True",,"False","False","False","False","False","none","False","0","0","0","0","64","0","False","0","1,3","1,1","2,3","9,8","100","0","9,747333196002396","1342644224","[22:21:30] [Server thread/INFO]: The game is running normally [22:21:30] [Server thread/INFO]: Target tick rate: 20,0 per second. Average time per tick: 1,3ms (Target: 50,0ms) [22:21:30] [Server thread/INFO]: Percentiles: P50: 1,1ms P95: 2,3ms P99: 9,8ms, sample: 100"
"without-umce","1","2026-09-29T20:21:30.4625274+00:00","2026-09-29T20:21:18.2873018+00:00","2026-09-29T20:21:33.3564406+00:00","True",,"False","False","False","False","False","none","False","0","0","0","0","64","0","False","0","1,3","1,1","2","9,8","100","0","9,747333196002396","1342644224","[22:21:30] [Server thread/INFO]: The game is running normally [22:21:30] [Server thread/INFO]: Target tick rate: 20,0 per second. Average time per tick: 1,3ms (Target: 50,0ms) [22:21:30] [Server thread/INFO]: Percentiles: P50: 1,1ms P95: 2,0ms P99: 9,8ms, sample: 100"
"without-umce","1","2026-09-29T20:21:30.5898581+00:00","2026-09-29T20:21:18.2873018+00:00","2026-09-29T20:21:33.3564406+00:00","True",,"False","False","False","False","False","none","False","0","0","0","0","64","0","False","0","1,3","1,1","2","9,8","100","12,424597602072541","9,747333196002396","1342644224","[22:21:30] [Server thread/INFO]: The game is running normally [22:21:30] [Server thread/INFO]: Target tick rate: 20,0 per second. Average time per tick: 1,3ms (Target: 50,0ms) [22:21:30] [Server thread/INFO]: Percentiles: P50: 1,1ms P95: 2,0ms P99: 9,8ms, sample: 100"
"without-umce","1","2026-09-29T20:21:30.7156605+00:00","2026-09-29T20:21:18.2873018+00:00","2026-09-29T20:21:33.3564406+00:00","True",,"False","False","False","False","False","none","False","0","0","0","0","64","0","False","0","1,3","1,1","2","9,8","100","0","9,747333196002396","1342644224","[22:21:30] [Server thread/INFO]: The game is running normally [22:21:30] [Server thread/INFO]: Target tick rate: 20,0 per second. Average time per tick: 1,3ms (Target: 50,0ms) [22:21:30] [Server thread/INFO]: Percentiles: P50: 1,1ms P95: 2,0ms P99: 9,8ms, sample: 100"
"without-umce","1","2026-09-29T20:21:30.8404087+00:00","2026-09-29T20:21:18.2873018+00:00","2026-09-29T20:21:33.3564406+00:00","True",,"False","False","False","False","False","none","False","0","0","0","0","64","0","False","0","1,2","1,1","1,9","9,8","100","0","9,747333196002396","1342644224","[22:21:30] [Server thread/INFO]: The game is running normally [22:21:30] [Server thread/INFO]: Target tick rate: 20,0 per second. Average time per tick: 1,2ms (Target: 50,0ms) [22:21:30] [Server thread/INFO]: Percentiles: P50: 1,1ms P95: 1,9ms P99: 9,8ms, sample: 100"
"without-umce","1","2026-09-29T20:21:30.9672822+00:00","2026-09-29T20:21:18.2873018+00:00","2026-09-29T20:21:33.3564406+00:00","True",,"False","False","False","False","False","none","False","0","0","0","0","64","0","False","0","1,2","1","1,9","9,8","100","12,477849321883792","9,747333196002396","1342644224","[22:21:31] [Server thread/INFO]: The game is running normally [22:21:31] [Server thread/INFO]: Target tick rate: 20,0 per second. Average time per tick: 1,2ms (Target: 50,0ms) [22:21:31] [Server thread/INFO]: Percentiles: P50: 1,0ms P95: 1,9ms P99: 9,8ms, sample: 100"
"without-umce","1","2026-09-29T20:21:31.0924914+00:00","2026-09-29T20:21:18.2873018+00:00","2026-09-29T20:21:33.3564406+00:00","True",,"False","False","False","False","False","none","False","0","0","0","0","64","0","False","0","1,2","1","1,9","9,8","100","0","9,747333196002396","1342644224","[22:21:31] [Server thread/INFO]: The game is running normally [22:21:31] [Server thread/INFO]: Target tick rate: 20,0 per second. Average time per tick: 1,2ms (Target: 50,0ms) [22:21:31] [Server thread/INFO]: Percentiles: P50: 1,0ms P95: 1,9ms P99: 9,8ms, sample: 100"
"without-umce","1","2026-09-29T20:21:31.2197446+00:00","2026-09-29T20:21:18.2873018+00:00","2026-09-29T20:21:33.3564406+00:00","True",,"False","False","False","False","False","none","False","0","0","0","0","64","0","False","0","1,2","1","1,8","9,8","100","12,685945514980377","9,747333196002396","1342644224","[22:21:31] [Server thread/INFO]: The game is running normally [22:21:31] [Server thread/INFO]: Target tick rate: 20,0 per second. Average time per tick: 1,2ms (Target: 50,0ms) [22:21:31] [Server thread/INFO]: Percentiles: P50: 1,0ms P95: 1,8ms P99: 9,8ms, sample: 100"
"without-umce","1","2026-09-29T20:21:31.3428873+00:00","2026-09-29T20:21:18.2873018+00:00","2026-09-29T20:21:33.3564406+00:00","True",,"False","False","False","False","False","none","False","0","0","0","0","64","0","False","0","1,2","1","1,8","9,8","100","12,28878044176691","9,747333196002396","1342644224","[22:21:31] [Server thread/INFO]: The game is running normally [22:21:31] [Server thread/INFO]: Target tick rate: 20,0 per second. Average time per tick: 1,2ms (Target: 50,0ms) [22:21:31] [Server thread/INFO]: Percentiles: P50: 1,0ms P95: 1,8ms P99: 9,8ms, sample: 100"
"without-umce","1","2026-09-29T20:21:31.4700528+00:00","2026-09-29T20:21:18.2873018+00:00","2026-09-29T20:21:33.3564406+00:00","True",,"False","False","False","False","False","none","False","0","0","0","0","64","0","False","0","1,1","1","1,7","6,2","100","0","9,747333196002396","1342644224","[22:21:31] [Server thread/INFO]: The game is running normally [22:21:31] [Server thread/INFO]: Target tick rate: 20,0 per second. Average time per tick: 1,1ms (Target: 50,0ms) [22:21:31] [Server thread/INFO]: Percentiles: P50: 1,0ms P95: 1,7ms P99: 6,2ms, sample: 100"
"without-umce","1","2026-09-29T20:21:31.5976639+00:00","2026-09-29T20:21:18.2873018+00:00","2026-09-29T20:21:33.3564406+00:00","True",,"False","False","False","False","False","none","False","0","0","0","0","64","0","False","0","1","1","1,6","2","100","24,815964805006075","9,747333196002396","1342644224","[22:21:31] [Server thread/INFO]: The game is running normally [22:21:31] [Server thread/INFO]: Target tick rate: 20,0 per second. Average time per tick: 1,0ms (Target: 50,0ms) [22:21:31] [Server thread/INFO]: Percentiles: P50: 1,0ms P95: 1,6ms P99: 2,0ms, sample: 100"
"without-umce","1","2026-09-29T20:21:31.7236142+00:00","2026-09-29T20:21:18.2873018+00:00","2026-09-29T20:21:33.3564406+00:00","True",,"False","False","False","False","False","none","False","0","0","0","0","64","0","False","0","1","1","1,6","2","100","0","9,747333196002396","1342644224","[22:21:31] [Server thread/INFO]: The game is running normally [22:21:31] [Server thread/INFO]: Target tick rate: 20,0 per second. Average time per tick: 1,0ms (Target: 50,0ms) [22:21:31] [Server thread/INFO]: Percentiles: P50: 1,0ms P95: 1,6ms P99: 2,0ms, sample: 100"
"without-umce","1","2026-09-29T20:21:31.8515317+00:00","2026-09-29T20:21:18.2873018+00:00","2026-09-29T20:21:33.3564406+00:00","True",,"False","False","False","False","False","none","False","0","0","0","0","64","0","False","0","1","1","1,6","2","100","0","9,747333196002396","1342644224","[22:21:31] [Server thread/INFO]: The game is running normally [22:21:31] [Server thread/INFO]: Target tick rate: 20,0 per second. Average time per tick: 1,0ms (Target: 50,0ms) [22:21:31] [Server thread/INFO]: Percentiles: P50: 1,0ms P95: 1,6ms P99: 2,0ms, sample: 100"
"without-umce","1","2026-09-29T20:21:31.9768096+00:00","2026-09-29T20:21:18.2873018+00:00","2026-09-29T20:21:33.3564406+00:00","True",,"False","False","False","False","False","none","False","0","0","0","0","64","0","False","0","1","1","1,6","2","100","0","9,747333196002396","1342644224","[22:21:32] [Server thread/INFO]: The game is running normally [22:21:32] [Server thread/INFO]: Target tick rate: 20,0 per second. Average time per tick: 1,0ms (Target: 50,0ms) [22:21:32] [Server thread/INFO]: Percentiles: P50: 1,0ms P95: 1,6ms P99: 2,0ms, sample: 100"
"without-umce","1","2026-09-29T20:21:32.1025057+00:00","2026-09-29T20:21:18.2873018+00:00","2026-09-29T20:21:33.3564406+00:00","True",,"False","False","False","False","False","none","False","0","0","0","0","64","0","False","0","1","1","1,6","2","100","0","9,747333196002396","1342644224","[22:21:32] [Server thread/INFO]: The game is running normally [22:21:32] [Server thread/INFO]: Target tick rate: 20,0 per second. Average time per tick: 1,0ms (Target: 50,0ms) [22:21:32] [Server thread/INFO]: Percentiles: P50: 1,0ms P95: 1,6ms P99: 2,0ms, sample: 100"
"without-umce","1","2026-09-29T20:21:32.2282191+00:00","2026-09-29T20:21:18.2873018+00:00","2026-09-29T20:21:33.3564406+00:00","True",,"False","False","False","False","False","none","False","0","0","0","0","64","0","False","0","1","1","1,6","2","100","12,49304387317142","9,747333196002396","1342644224","[22:21:32] [Server thread/INFO]: The game is running normally [22:21:32] [Server thread/INFO]: Target tick rate: 20,0 per second. Average time per tick: 1,0ms (Target: 50,0ms) [22:21:32] [Server thread/INFO]: Percentiles: P50: 1,0ms P95: 1,6ms P99: 2,0ms, sample: 100"
"without-umce","1","2026-09-29T20:21:32.3533220+00:00","2026-09-29T20:21:18.2873018+00:00","2026-09-29T20:21:33.3564406+00:00","True",,"False","False","False","False","False","none","False","0","0","0","0","64","0","False","0","1","1","1,6","2","100","0","9,747333196002396","1342644224","[22:21:32] [Server thread/INFO]: The game is running normally [22:21:32] [Server thread/INFO]: Target tick rate: 20,0 per second. Average time per tick: 1,0ms (Target: 50,0ms) [22:21:32] [Server thread/INFO]: Percentiles: P50: 1,0ms P95: 1,6ms P99: 2,0ms, sample: 100"
"without-umce","1","2026-09-29T20:21:32.4784130+00:00","2026-09-29T20:21:18.2873018+00:00","2026-09-29T20:21:33.3564406+00:00","True",,"False","False","False","False","False","none","False","0","0","0","0","64","0","False","0","1","1","1,6","2","100","0","9,747333196002396","1342644224","[22:21:32] [Server thread/INFO]: The game is running normally [22:21:32] [Server thread/INFO]: Target tick rate: 20,0 per second. Average time per tick: 1,0ms (Target: 50,0ms) [22:21:32] [Server thread/INFO]: Percentiles: P50: 1,0ms P95: 1,6ms P99: 2,0ms, sample: 100"
"without-umce","1","2026-09-29T20:21:32.6058549+00:00","2026-09-29T20:21:18.2873018+00:00","2026-09-29T20:21:33.3564406+00:00","True",,"False","False","False","False","False","none","False","0","0","0","0","64","0","False","0","1","1","1,6","2","100","0","9,747333196002396","1342644224","[22:21:32] [Server thread/INFO]: The game is running normally [22:21:32] [Server thread/INFO]: Target tick rate: 20,0 per second. Average time per tick: 1,0ms (Target: 50,0ms) [22:21:32] [Server thread/INFO]: Percentiles: P50: 1,0ms P95: 1,6ms P99: 2,0ms, sample: 100"
"without-umce","1","2026-09-29T20:21:32.7320842+00:00","2026-09-29T20:21:18.2873018+00:00","2026-09-29T20:21:33.3564406+00:00","True",,"False","False","False","False","False","none","False","0","0","0","0","64","0","False","0","1","1","1,6","2,1","100","0","9,747333196002396","1342644224","[22:21:32] [Server thread/INFO]: The game is running normally [22:21:32] [Server thread/INFO]: Target tick rate: 20,0 per second. Average time per tick: 1,0ms (Target: 50,0ms) [22:21:32] [Server thread/INFO]: Percentiles: P50: 1,0ms P95: 1,6ms P99: 2,1ms, sample: 100"
"without-umce","1","2026-09-29T20:21:32.8565374+00:00","2026-09-29T20:21:18.2873018+00:00","2026-09-29T20:21:33.3564406+00:00","True",,"False","False","False","False","False","none","False","0","0","0","0","64","0","False","0","1","1","1,6","2,1","100","0","9,747333196002396","1342644224","[22:21:32] [Server thread/INFO]: The game is running normally [22:21:32] [Server thread/INFO]: Target tick rate: 20,0 per second. Average time per tick: 1,0ms (Target: 50,0ms) [22:21:32] [Server thread/INFO]: Percentiles: P50: 1,0ms P95: 1,6ms P99: 2,1ms, sample: 100"
"without-umce","1","2026-09-29T20:21:32.9807784+00:00","2026-09-29T20:21:18.2873018+00:00","2026-09-29T20:21:33.3564406+00:00","True",,"False","False","False","False","False","none","False","0","0","0","0","64","0","False","0","1","1","1,6","2,1","100","0","9,747333196002396","1342644224","[22:21:33] [Server thread/INFO]: The game is running normally [22:21:33] [Server thread/INFO]: Target tick rate: 20,0 per second. Average time per tick: 1,0ms (Target: 50,0ms) [22:21:33] [Server thread/INFO]: Percentiles: P50: 1,0ms P95: 1,6ms P99: 2,1ms, sample: 100"
"without-umce","1","2026-09-29T20:21:33.1058075+00:00","2026-09-29T20:21:18.2873018+00:00","2026-09-29T20:21:33.3564406+00:00","True",,"False","False","False","False","False","none","False","0","0","0","0","64","0","False","0","1","1","1,6","2,1","100","0","9,747333196002396","1342644224","[22:21:33] [Server thread/INFO]: The game is running normally [22:21:33] [Server thread/INFO]: Target tick rate: 20,0 per second. Average time per tick: 1,0ms (Target: 50,0ms) [22:21:33] [Server thread/INFO]: Percentiles: P50: 1,0ms P95: 1,6ms P99: 2,1ms, sample: 100"
"without-umce","1","2026-09-29T20:21:33.2309649+00:00","2026-09-29T20:21:18.2873018+00:00","2026-09-29T20:21:33.3564406+00:00","True",,"False","False","False","False","False","none","False","0","0","0","0","64","0","False","0","1","1","1,6","2,1","100","12,542775882870943","9,747333196002396","1342644224","[22:21:33] [Server thread/INFO]: The game is running normally [22:21:33] [Server thread/INFO]: Target tick rate: 20,0 per second. Average time per tick: 1,0ms (Target: 50,0ms) [22:21:33] [Server thread/INFO]: Percentiles: P50: 1,0ms P95: 1,6ms P99: 2,1ms, sample: 100"
