"condition","repeat","time_utc","artifact_sha256","small_box_section_probe_enabled","umce_tick_profiler_enabled","players_observed","pigs_in_seed_world","villagers_in_seed_world","tnt_in_seed_world","hopper_rows","redstone_clock_pairs","idle_clients","save_all_interval_seconds","tick_mean_ms","tick_p50_ms","tick_p95_ms","tick_p99_ms","tick_sample_count","sample_cpu_percent_one_core","process_cpu_percent_one_core","working_set_bytes","response"
"without-umce","1","2026-09-28T17:07:34.7393749+00:00",,"False","False","0","2025","0","0","0","0","False","0","34","0","65","160,5","100","99,64232391407802","70,24296704391591","1251917824","[19:07:34] [Server thread/INFO]: The game is running normally [19:07:34] [Server thread/INFO]: Target tick rate: 20,0 per second. Average time per tick: 34,0ms (Target: 50,0ms) [19:07:34] [Server thread/INFO]: Percentiles: P50: 0,0ms P95: 65,0ms P99: 160,5ms, sample: 100"
"without-umce","1","2026-09-28T17:07:34.8790197+00:00",,"False","False","0","2025","0","0","0","0","False","0","33,4","0","65","160,5","100","56,90977551506534","70,24296704391591","1251917824","[19:07:34] [Server thread/INFO]: The game is running normally [19:07:34] [Server thread/INFO]: Target tick rate: 20,0 per second. Average time per tick: 33,4ms (Target: 50,0ms) [19:07:34] [Server thread/INFO]: Percentiles: P50: 0,0ms P95: 65,0ms P99: 160,5ms, sample: 100"
"without-umce","1","2026-09-28T17:07:35.0007707+00:00",,"False","False","0","2025","0","0","0","0","False","0","32,4","0,5","65","160,5","100","126,58443201869156","70,24296704391591","1251917824","[19:07:35] [Server thread/INFO]: The game is running normally [19:07:35] [Server thread/INFO]: Target tick rate: 20,0 per second. Average time per tick: 32,4ms (Target: 50,0ms) [19:07:35] [Server thread/INFO]: Percentiles: P50: 0,5ms P95: 65,0ms P99: 160,5ms, sample: 100"
"without-umce","1","2026-09-28T17:07:35.1241874+00:00",,"False","False","0","2025","0","0","0","0","False","0","31,9","2,7","65","160,5","100","223,28676530715126","70,24296704391591","1251917824","[19:07:35] [Server thread/INFO]: The game is running normally [19:07:35] [Server thread/INFO]: Target tick rate: 20,0 per second. Average time per tick: 31,9ms (Target: 50,0ms) [19:07:35] [Server thread/INFO]: Percentiles: P50: 2,7ms P95: 65,0ms P99: 160,5ms, sample: 100"
"without-umce","1","2026-09-28T17:07:35.2501939+00:00",,"False","False","0","2025","0","0","0","0","False","0","31,3","13,9","65","160,5","100","224,13626847580167","70,24296704391591","1251917824","[19:07:35] [Server thread/INFO]: The game is running normally [19:07:35] [Server thread/INFO]: Target tick rate: 20,0 per second. Average time per tick: 31,3ms (Target: 50,0ms) [19:07:35] [Server thread/INFO]: Percentiles: P50: 13,9ms P95: 65,0ms P99: 160,5ms, sample: 100"
"without-umce","1","2026-09-28T17:07:35.3756563+00:00",,"False","False","0","2025","0","0","0","0","False","0","30,9","14,7","65","160,5","100","218,54189669272577","70,24296704391591","1251917824","[19:07:35] [Server thread/INFO]: The game is running normally [19:07:35] [Server thread/INFO]: Target tick rate: 20,0 per second. Average time per tick: 30,9ms (Target: 50,0ms) [19:07:35] [Server thread/INFO]: Percentiles: P50: 14,7ms P95: 65,0ms P99: 160,5ms, sample: 100"
"without-umce","1","2026-09-28T17:07:35.4971886+00:00",,"False","False","0","2025","0","0","0","0","False","0","30,3","15,9","65","160,5","100","125,02170376777408","70,24296704391591","1251917824","[19:07:35] [Server thread/INFO]: The game is running normally [19:07:35] [Server thread/INFO]: Target tick rate: 20,0 per second. Average time per tick: 30,3ms (Target: 50,0ms) [19:07:35] [Server thread/INFO]: Percentiles: P50: 15,9ms P95: 65,0ms P99: 160,5ms, sample: 100"
"without-umce","1","2026-09-28T17:07:35.6222047+00:00",,"False","False","0","2025","0","0","0","0","False","0","29,9","16,7","65","160,5","100","74,89760000127825","70,24296704391591","1251917824","[19:07:35] [Server thread/INFO]: The game is running normally [19:07:35] [Server thread/INFO]: Target tick rate: 20,0 per second. Average time per tick: 29,9ms (Target: 50,0ms) [19:07:35] [Server thread/INFO]: Percentiles: P50: 16,7ms P95: 65,0ms P99: 160,5ms, sample: 100"
"without-umce","1","2026-09-28T17:07:35.7473559+00:00",,"False","False","0","2025","0","0","0","0","False","0","29,2","16,8","65","160,5","100","62,151207423936874","70,24296704391591","1251917824","[19:07:35] [Server thread/INFO]: The game is running normally [19:07:35] [Server thread/INFO]: Target tick rate: 20,0 per second. Average time per tick: 29,2ms (Target: 50,0ms) [19:07:35] [Server thread/INFO]: Percentiles: P50: 16,8ms P95: 65,0ms P99: 160,5ms, sample: 100"
"without-umce","1","2026-09-28T17:07:35.8729927+00:00",,"False","False","0","2025","0","0","0","0","False","0","28,9","16,8","65","160,5","100","38,020269366004406","70,24296704391591","1251917824","[19:07:35] [Server thread/INFO]: The game is running normally [19:07:35] [Server thread/INFO]: Target tick rate: 20,0 per second. Average time per tick: 28,9ms (Target: 50,0ms) [19:07:35] [Server thread/INFO]: Percentiles: P50: 16,8ms P95: 65,0ms P99: 160,5ms, sample: 100"
"without-umce","1","2026-09-28T17:07:35.9962611+00:00",,"False","False","0","2025","0","0","0","0","False","0","28,2","16,8","65","160,5","100","25,254300706393096","70,24296704391591","1251917824","[19:07:36] [Server thread/INFO]: The game is running normally [19:07:36] [Server thread/INFO]: Target tick rate: 20,0 per second. Average time per tick: 28,2ms (Target: 50,0ms) [19:07:36] [Server thread/INFO]: Percentiles: P50: 16,8ms P95: 65,0ms P99: 160,5ms, sample: 100"
"without-umce","1","2026-09-28T17:07:36.1200274+00:00",,"False","False","0","2025","0","0","0","0","False","0","27,9","16,8","65","160,5","100","37,48644490152361","70,24296704391591","1251917824","[19:07:36] [Server thread/INFO]: The game is running normally [19:07:36] [Server thread/INFO]: Target tick rate: 20,0 per second. Average time per tick: 27,9ms (Target: 50,0ms) [19:07:36] [Server thread/INFO]: Percentiles: P50: 16,8ms P95: 65,0ms P99: 160,5ms, sample: 100"
"without-umce","1","2026-09-28T17:07:36.2450730+00:00",,"False","False","0","2025","0","0","0","0","False","0","27,5","16,8","65","160,5","100","25,419482467471195","70,24296704391591","1251917824","[19:07:36] [Server thread/INFO]: The game is running normally [19:07:36] [Server thread/INFO]: Target tick rate: 20,0 per second. Average time per tick: 27,5ms (Target: 50,0ms) [19:07:36] [Server thread/INFO]: Percentiles: P50: 16,8ms P95: 65,0ms P99: 160,5ms, sample: 100"
"without-umce","1","2026-09-28T17:07:36.3679857+00:00",,"False","False","0","2025","0","0","0","0","False","0","27,1","17,1","65","160,5","100","50,22367616416472","70,24296704391591","1251917824","[19:07:36] [Server thread/INFO]: The game is running normally [19:07:36] [Server thread/INFO]: Target tick rate: 20,0 per second. Average time per tick: 27,1ms (Target: 50,0ms) [19:07:36] [Server thread/INFO]: Percentiles: P50: 17,1ms P95: 65,0ms P99: 160,5ms, sample: 100"
"without-umce","1","2026-09-28T17:07:36.4924773+00:00",,"False","False","0","2025","0","0","0","0","False","0","26,6","17,1","65","160,5","100","37,33813173131839","70,24296704391591","1251917824","[19:07:36] [Server thread/INFO]: The game is running normally [19:07:36] [Server thread/INFO]: Target tick rate: 20,0 per second. Average time per tick: 26,6ms (Target: 50,0ms) [19:07:36] [Server thread/INFO]: Percentiles: P50: 17,1ms P95: 65,0ms P99: 160,5ms, sample: 100"
"without-umce","1","2026-09-28T17:07:36.6179942+00:00",,"False","False","0","2025","0","0","0","0","False","0","26,4","17,1","65","160,5","100","50,460930321932665","70,24296704391591","1251917824","[19:07:36] [Server thread/INFO]: The game is running normally [19:07:36] [Server thread/INFO]: Target tick rate: 20,0 per second. Average time per tick: 26,4ms (Target: 50,0ms) [19:07:36] [Server thread/INFO]: Percentiles: P50: 17,1ms P95: 65,0ms P99: 160,5ms, sample: 100"
"without-umce","1","2026-09-28T17:07:36.7418925+00:00",,"False","False","0","2025","0","0","0","0","False","0","26","17,1","65","160,5","100","45,1950110492763","70,24296704391591","1251917824","[19:07:36] [Server thread/INFO]: The game is running normally [19:07:36] [Server thread/INFO]: Target tick rate: 20,0 per second. Average time per tick: 26,0ms (Target: 50,0ms) [19:07:36] [Server thread/INFO]: Percentiles: P50: 17,1ms P95: 65,0ms P99: 160,5ms, sample: 100"
"without-umce","1","2026-09-28T17:07:36.8801775+00:00",,"False","False","0","2025","0","0","0","0","False","0","25,7","17,1","65","160,5","100","66,66382234358001","70,24296704391591","1251917824","[19:07:36] [Server thread/INFO]: The game is running normally [19:07:36] [Server thread/INFO]: Target tick rate: 20,0 per second. Average time per tick: 25,7ms (Target: 50,0ms) [19:07:36] [Server thread/INFO]: Percentiles: P50: 17,1ms P95: 65,0ms P99: 160,5ms, sample: 100"
"without-umce","1","2026-09-28T17:07:37.0208067+00:00",,"False","False","0","2025","0","0","0","0","False","0","25,4","17,3","65","160,5","100","49,63713270507284","70,24296704391591","1251917824","[19:07:37] [Server thread/INFO]: The game is running normally [19:07:37] [Server thread/INFO]: Target tick rate: 20,0 per second. Average time per tick: 25,4ms (Target: 50,0ms) [19:07:37] [Server thread/INFO]: Percentiles: P50: 17,3ms P95: 65,0ms P99: 160,5ms, sample: 100"
"without-umce","1","2026-09-28T17:07:37.1466354+00:00",,"False","False","0","2025","0","0","0","0","False","0","25,1","17,3","65","160,5","100","45,235375945781236","70,24296704391591","1251917824","[19:07:37] [Server thread/INFO]: The game is running normally [19:07:37] [Server thread/INFO]: Target tick rate: 20,0 per second. Average time per tick: 25,1ms (Target: 50,0ms) [19:07:37] [Server thread/INFO]: Percentiles: P50: 17,3ms P95: 65,0ms P99: 160,5ms, sample: 100"
"without-umce","1","2026-09-28T17:07:37.2848841+00:00",,"False","False","0","2025","0","0","0","0","False","0","24,8","17,3","65","160,5","100","62,18702513987604","70,24296704391591","1251917824","[19:07:37] [Server thread/INFO]: The game is running normally [19:07:37] [Server thread/INFO]: Target tick rate: 20,0 per second. Average time per tick: 24,8ms (Target: 50,0ms) [19:07:37] [Server thread/INFO]: Percentiles: P50: 17,3ms P95: 65,0ms P99: 160,5ms, sample: 100"
"without-umce","1","2026-09-28T17:07:37.4104812+00:00",,"False","False","0","2025","0","0","0","0","False","0","24,9","17,6","65","160,5","100","25,48823218515304","70,24296704391591","1251917824","[19:07:37] [Server thread/INFO]: The game is running normally [19:07:37] [Server thread/INFO]: Target tick rate: 20,0 per second. Average time per tick: 24,9ms (Target: 50,0ms) [19:07:37] [Server thread/INFO]: Percentiles: P50: 17,6ms P95: 65,0ms P99: 160,5ms, sample: 100"
"without-umce","1","2026-09-28T17:07:37.5330525+00:00",,"False","False","0","2025","0","0","0","0","False","0","24,3","17,3","55,1","160,5","100","24,95653569742936","70,24296704391591","1251917824","[19:07:37] [Server thread/INFO]: The game is running normally [19:07:37] [Server thread/INFO]: Target tick rate: 20,0 per second. Average time per tick: 24,3ms (Target: 50,0ms) [19:07:37] [Server thread/INFO]: Percentiles: P50: 17,3ms P95: 55,1ms P99: 160,5ms, sample: 100"
"without-umce","1","2026-09-28T17:07:37.6582723+00:00",,"False","False","0","2025","0","0","0","0","False","0","24,6","17,7","55,1","160,5","100","113,75752114170889","70,24296704391591","1251917824","[19:07:37] [Server thread/INFO]: The game is running normally [19:07:37] [Server thread/INFO]: Target tick rate: 20,0 per second. Average time per tick: 24,6ms (Target: 50,0ms) [19:07:37] [Server thread/INFO]: Percentiles: P50: 17,7ms P95: 55,1ms P99: 160,5ms, sample: 100"
"without-umce","1","2026-09-28T17:07:37.7818987+00:00",,"False","False","0","2025","0","0","0","0","False","0","24,9","17,7","55,1","160,5","100","161,39861584547052","70,24296704391591","1251917824","[19:07:37] [Server thread/INFO]: The game is running normally [19:07:37] [Server thread/INFO]: Target tick rate: 20,0 per second. Average time per tick: 24,9ms (Target: 50,0ms) [19:07:37] [Server thread/INFO]: Percentiles: P50: 17,7ms P95: 55,1ms P99: 160,5ms, sample: 100"
"without-umce","1","2026-09-28T17:07:37.9077351+00:00",,"False","False","0","2025","0","0","0","0","False","0","23,9","17,8","53,9","98","100","24,969716727552825","70,24296704391591","1251917824","[19:07:37] [Server thread/INFO]: The game is running normally [19:07:37] [Server thread/INFO]: Target tick rate: 20,0 per second. Average time per tick: 23,9ms (Target: 50,0ms) [19:07:37] [Server thread/INFO]: Percentiles: P50: 17,8ms P95: 53,9ms P99: 98,0ms, sample: 100"
"without-umce","1","2026-09-28T17:07:38.0329164+00:00",,"False","False","0","2025","0","0","0","0","False","0","22,1","17,3","46,6","68,1","100","214,67491449371877","70,24296704391591","1251917824","[19:07:38] [Server thread/INFO]: The game is running normally [19:07:38] [Server thread/INFO]: Target tick rate: 20,0 per second. Average time per tick: 22,1ms (Target: 50,0ms) [19:07:38] [Server thread/INFO]: Percentiles: P50: 17,3ms P95: 46,6ms P99: 68,1ms, sample: 100"
"without-umce","1","2026-09-28T17:07:38.1566213+00:00",,"False","False","0","2025","0","0","0","0","False","0","21,5","17,3","44,6","68,1","100","12,272159986553639","70,24296704391591","1251917824","[19:07:38] [Server thread/INFO]: The game is running normally [19:07:38] [Server thread/INFO]: Target tick rate: 20,0 per second. Average time per tick: 21,5ms (Target: 50,0ms) [19:07:38] [Server thread/INFO]: Percentiles: P50: 17,3ms P95: 44,6ms P99: 68,1ms, sample: 100"
"without-umce","1","2026-09-28T17:07:38.2839322+00:00",,"False","False","0","2025","0","0","0","0","False","0","21","17,1","44,6","68,1","100","50,0514528935746","70,24296704391591","1251917824","[19:07:38] [Server thread/INFO]: The game is running normally [19:07:38] [Server thread/INFO]: Target tick rate: 20,0 per second. Average time per tick: 21,0ms (Target: 50,0ms) [19:07:38] [Server thread/INFO]: Percentiles: P50: 17,1ms P95: 44,6ms P99: 68,1ms, sample: 100"
"without-umce","1","2026-09-28T17:07:38.4089182+00:00",,"False","False","0","2025","0","0","0","0","False","0","20,7","17,1","44,6","68,1","100","37,74960035756421","70,24296704391591","1251917824","[19:07:38] [Server thread/INFO]: The game is running normally [19:07:38] [Server thread/INFO]: Target tick rate: 20,0 per second. Average time per tick: 20,7ms (Target: 50,0ms) [19:07:38] [Server thread/INFO]: Percentiles: P50: 17,1ms P95: 44,6ms P99: 68,1ms, sample: 100"
"without-umce","1","2026-09-28T17:07:38.5330225+00:00",,"False","False","0","2025","0","0","0","0","False","0","20,2","16,8","44,6","68,1","100","38,43854629723021","70,24296704391591","1251917824","[19:07:38] [Server thread/INFO]: The game is running normally [19:07:38] [Server thread/INFO]: Target tick rate: 20,0 per second. Average time per tick: 20,2ms (Target: 50,0ms) [19:07:38] [Server thread/INFO]: Percentiles: P50: 16,8ms P95: 44,6ms P99: 68,1ms, sample: 100"
"without-umce","1","2026-09-28T17:07:38.6549491+00:00",,"False","False","0","2025","0","0","0","0","False","0","19,9","16,7","44,6","68,1","100","37,929176214704626","70,24296704391591","1251917824","[19:07:38] [Server thread/INFO]: The game is running normally [19:07:38] [Server thread/INFO]: Target tick rate: 20,0 per second. Average time per tick: 19,9ms (Target: 50,0ms) [19:07:38] [Server thread/INFO]: Percentiles: P50: 16,7ms P95: 44,6ms P99: 68,1ms, sample: 100"
"without-umce","1","2026-09-28T17:07:38.7784694+00:00",,"False","False","0","2025","0","0","0","0","False","0","19,7","15,9","44,6","68,1","100","37,99496804775167","70,24296704391591","1251917824","[19:07:38] [Server thread/INFO]: The game is running normally [19:07:38] [Server thread/INFO]: Target tick rate: 20,0 per second. Average time per tick: 19,7ms (Target: 50,0ms) [19:07:38] [Server thread/INFO]: Percentiles: P50: 15,9ms P95: 44,6ms P99: 68,1ms, sample: 100"
"without-umce","1","2026-09-28T17:07:38.9019031+00:00",,"False","False","0","2025","0","0","0","0","False","0","18,4","15,7","43","46,1","100","25,173232114116505","70,24296704391591","1251917824","[19:07:38] [Server thread/INFO]: The game is running normally [19:07:38] [Server thread/INFO]: Target tick rate: 20,0 per second. Average time per tick: 18,4ms (Target: 50,0ms) [19:07:38] [Server thread/INFO]: Percentiles: P50: 15,7ms P95: 43,0ms P99: 46,1ms, sample: 100"
"without-umce","1","2026-09-28T17:07:39.0259741+00:00",,"False","False","0","2025","0","0","0","0","False","0","17,8","15,5","35,6","46,1","100","37,985546448928794","70,24296704391591","1251917824","[19:07:39] [Server thread/INFO]: The game is running normally [19:07:39] [Server thread/INFO]: Target tick rate: 20,0 per second. Average time per tick: 17,8ms (Target: 50,0ms) [19:07:39] [Server thread/INFO]: Percentiles: P50: 15,5ms P95: 35,6ms P99: 46,1ms, sample: 100"
"without-umce","1","2026-09-28T17:07:39.1494354+00:00",,"False","False","0","2025","0","0","0","0","False","0","17","15,3","29,9","43","100","50,350966376027465","70,24296704391591","1251917824","[19:07:39] [Server thread/INFO]: The game is running normally [19:07:39] [Server thread/INFO]: Target tick rate: 20,0 per second. Average time per tick: 17,0ms (Target: 50,0ms) [19:07:39] [Server thread/INFO]: Percentiles: P50: 15,3ms P95: 29,9ms P99: 43,0ms, sample: 100"
"without-umce","1","2026-09-28T17:07:39.2735355+00:00",,"False","False","0","2025","0","0","0","0","False","0","16,7","15,2","27,2","43","100","67,82881237718463","70,24296704391591","1251917824","[19:07:39] [Server thread/INFO]: The game is running normally [19:07:39] [Server thread/INFO]: Target tick rate: 20,0 per second. Average time per tick: 16,7ms (Target: 50,0ms) [19:07:39] [Server thread/INFO]: Percentiles: P50: 15,2ms P95: 27,2ms P99: 43,0ms, sample: 100"
"without-umce","1","2026-09-28T17:07:39.4117169+00:00",,"False","False","0","2025","0","0","0","0","False","0","16,1","15,1","22,2","29,9","100","37,897621848433765","70,24296704391591","1251917824","[19:07:39] [Server thread/INFO]: The game is running normally [19:07:39] [Server thread/INFO]: Target tick rate: 20,0 per second. Average time per tick: 16,1ms (Target: 50,0ms) [19:07:39] [Server thread/INFO]: Percentiles: P50: 15,1ms P95: 22,2ms P99: 29,9ms, sample: 100"
"without-umce","1","2026-09-28T17:07:39.5354284+00:00",,"False","False","0","2025","0","0","0","0","False","0","15,9","14,8","21,9","29,9","100","24,992782084533985","70,24296704391591","1251917824","[19:07:39] [Server thread/INFO]: The game is running normally [19:07:39] [Server thread/INFO]: Target tick rate: 20,0 per second. Average time per tick: 15,9ms (Target: 50,0ms) [19:07:39] [Server thread/INFO]: Percentiles: P50: 14,8ms P95: 21,9ms P99: 29,9ms, sample: 100"
"without-umce","1","2026-09-28T17:07:39.6605173+00:00",,"False","False","0","2025","0","0","0","0","False","0","15,8","14,8","21,9","29,9","100","49,853629743074336","70,24296704391591","1251917824","[19:07:39] [Server thread/INFO]: The game is running normally [19:07:39] [Server thread/INFO]: Target tick rate: 20,0 per second. Average time per tick: 15,8ms (Target: 50,0ms) [19:07:39] [Server thread/INFO]: Percentiles: P50: 14,8ms P95: 21,9ms P99: 29,9ms, sample: 100"
"with-umce","1","2026-09-28T17:07:56.3087212+00:00","6cf7335bce411df15e0ffbdc67b873fbc8c44e82ce6dc26472dafab35ff31d79","False","False","0","2025","0","0","0","0","False","0","36","0","65,8","106,2","100","127,19715273752695","72,63117483182444","1239953408","[19:07:56] [Server thread/INFO]: The game is running normally [19:07:56] [Server thread/INFO]: Target tick rate: 20,0 per second. Average time per tick: 36,0ms (Target: 50,0ms) [19:07:56] [Server thread/INFO]: Percentiles: P50: 0,0ms P95: 65,8ms P99: 106,2ms, sample: 100"
"with-umce","1","2026-09-28T17:07:56.4368258+00:00","6cf7335bce411df15e0ffbdc67b873fbc8c44e82ce6dc26472dafab35ff31d79","False","False","0","2025","0","0","0","0","False","0","35,4","0,5","65,8","106,2","100","87,75167179470722","72,63117483182444","1239953408","[19:07:56] [Server thread/INFO]: The game is running normally [19:07:56] [Server thread/INFO]: Target tick rate: 20,0 per second. Average time per tick: 35,4ms (Target: 50,0ms) [19:07:56] [Server thread/INFO]: Percentiles: P50: 0,5ms P95: 65,8ms P99: 106,2ms, sample: 100"
"with-umce","1","2026-09-28T17:07:56.5563279+00:00","6cf7335bce411df15e0ffbdc67b873fbc8c44e82ce6dc26472dafab35ff31d79","False","False","0","2025","0","0","0","0","False","0","34,2","0,7","65,8","106,2","100","202,06853518094024","72,63117483182444","1239953408","[19:07:56] [Server thread/INFO]: The game is running normally [19:07:56] [Server thread/INFO]: Target tick rate: 20,0 per second. Average time per tick: 34,2ms (Target: 50,0ms) [19:07:56] [Server thread/INFO]: Percentiles: P50: 0,7ms P95: 65,8ms P99: 106,2ms, sample: 100"
"with-umce","1","2026-09-28T17:07:56.6800049+00:00","6cf7335bce411df15e0ffbdc67b873fbc8c44e82ce6dc26472dafab35ff31d79","False","False","0","2025","0","0","0","0","False","0","33,6","2,5","65,8","106,2","100","175,49222058028357","72,63117483182444","1239953408","[19:07:56] [Server thread/INFO]: The game is running normally [19:07:56] [Server thread/INFO]: Target tick rate: 20,0 per second. Average time per tick: 33,6ms (Target: 50,0ms) [19:07:56] [Server thread/INFO]: Percentiles: P50: 2,5ms P95: 65,8ms P99: 106,2ms, sample: 100"
"with-umce","1","2026-09-28T17:07:56.8047164+00:00","6cf7335bce411df15e0ffbdc67b873fbc8c44e82ce6dc26472dafab35ff31d79","False","False","0","2025","0","0","0","0","False","0","33,1","14","65,8","106,2","100","62,697019112860254","72,63117483182444","1239953408","[19:07:56] [Server thread/INFO]: The game is running normally [19:07:56] [Server thread/INFO]: Target tick rate: 20,0 per second. Average time per tick: 33,1ms (Target: 50,0ms) [19:07:56] [Server thread/INFO]: Percentiles: P50: 14,0ms P95: 65,8ms P99: 106,2ms, sample: 100"
"with-umce","1","2026-09-28T17:07:56.9292719+00:00","6cf7335bce411df15e0ffbdc67b873fbc8c44e82ce6dc26472dafab35ff31d79","False","False","0","2025","0","0","0","0","False","0","32,2","14,7","65,8","106,2","100","100,08238782165479","72,63117483182444","1239953408","[19:07:56] [Server thread/INFO]: The game is running normally [19:07:56] [Server thread/INFO]: Target tick rate: 20,0 per second. Average time per tick: 32,2ms (Target: 50,0ms) [19:07:56] [Server thread/INFO]: Percentiles: P50: 14,7ms P95: 65,8ms P99: 106,2ms, sample: 100"
"with-umce","1","2026-09-28T17:07:57.0542227+00:00","6cf7335bce411df15e0ffbdc67b873fbc8c44e82ce6dc26472dafab35ff31d79","False","False","0","2025","0","0","0","0","False","0","31,5","15,1","65,8","106,2","100","45,03731972461661","72,63117483182444","1239953408","[19:07:57] [Server thread/INFO]: The game is running normally [19:07:57] [Server thread/INFO]: Target tick rate: 20,0 per second. Average time per tick: 31,5ms (Target: 50,0ms) [19:07:57] [Server thread/INFO]: Percentiles: P50: 15,1ms P95: 65,8ms P99: 106,2ms, sample: 100"
"with-umce","1","2026-09-28T17:07:57.1929600+00:00","6cf7335bce411df15e0ffbdc67b873fbc8c44e82ce6dc26472dafab35ff31d79","False","False","0","2025","0","0","0","0","False","0","31","15,6","65,8","106,2","100","63,347950323854995","72,63117483182444","1239953408","[19:07:57] [Server thread/INFO]: The game is running normally [19:07:57] [Server thread/INFO]: Target tick rate: 20,0 per second. Average time per tick: 31,0ms (Target: 50,0ms) [19:07:57] [Server thread/INFO]: Percentiles: P50: 15,6ms P95: 65,8ms P99: 106,2ms, sample: 100"
"with-umce","1","2026-09-28T17:07:57.3162878+00:00","6cf7335bce411df15e0ffbdc67b873fbc8c44e82ce6dc26472dafab35ff31d79","False","False","0","2025","0","0","0","0","False","0","30,5","15,7","65,8","106,2","100","12,61564000251909","72,63117483182444","1239953408","[19:07:57] [Server thread/INFO]: The game is running normally [19:07:57] [Server thread/INFO]: Target tick rate: 20,0 per second. Average time per tick: 30,5ms (Target: 50,0ms) [19:07:57] [Server thread/INFO]: Percentiles: P50: 15,7ms P95: 65,8ms P99: 106,2ms, sample: 100"
"with-umce","1","2026-09-28T17:07:57.4401839+00:00","6cf7335bce411df15e0ffbdc67b873fbc8c44e82ce6dc26472dafab35ff31d79","False","False","0","2025","0","0","0","0","False","0","29,9","16,9","65,8","106,2","100","24,994241326798306","72,63117483182444","1239953408","[19:07:57] [Server thread/INFO]: The game is running normally [19:07:57] [Server thread/INFO]: Target tick rate: 20,0 per second. Average time per tick: 29,9ms (Target: 50,0ms) [19:07:57] [Server thread/INFO]: Percentiles: P50: 16,9ms P95: 65,8ms P99: 106,2ms, sample: 100"
"with-umce","1","2026-09-28T17:07:57.5651953+00:00","6cf7335bce411df15e0ffbdc67b873fbc8c44e82ce6dc26472dafab35ff31d79","False","False","0","2025","0","0","0","0","False","0","29,3","17,1","65,8","106,2","100","25,557751931961587","72,63117483182444","1239953408","[19:07:57] [Server thread/INFO]: The game is running normally [19:07:57] [Server thread/INFO]: Target tick rate: 20,0 per second. Average time per tick: 29,3ms (Target: 50,0ms) [19:07:57] [Server thread/INFO]: Percentiles: P50: 17,1ms P95: 65,8ms P99: 106,2ms, sample: 100"
"with-umce","1","2026-09-28T17:07:57.6874366+00:00","6cf7335bce411df15e0ffbdc67b873fbc8c44e82ce6dc26472dafab35ff31d79","False","False","0","2025","0","0","0","0","False","0","29","17,3","65,8","106,2","100","111,68958040458435","72,63117483182444","1239953408","[19:07:57] [Server thread/INFO]: The game is running normally [19:07:57] [Server thread/INFO]: Target tick rate: 20,0 per second. Average time per tick: 29,0ms (Target: 50,0ms) [19:07:57] [Server thread/INFO]: Percentiles: P50: 17,3ms P95: 65,8ms P99: 106,2ms, sample: 100"
"with-umce","1","2026-09-28T17:07:57.8133349+00:00","6cf7335bce411df15e0ffbdc67b873fbc8c44e82ce6dc26472dafab35ff31d79","False","False","0","2025","0","0","0","0","False","0","28,7","17,4","65,8","106,2","100","151,59967982147623","72,63117483182444","1239953408","[19:07:57] [Server thread/INFO]: The game is running normally [19:07:57] [Server thread/INFO]: Target tick rate: 20,0 per second. Average time per tick: 28,7ms (Target: 50,0ms) [19:07:57] [Server thread/INFO]: Percentiles: P50: 17,4ms P95: 65,8ms P99: 106,2ms, sample: 100"
"with-umce","1","2026-09-28T17:07:57.9370290+00:00","6cf7335bce411df15e0ffbdc67b873fbc8c44e82ce6dc26472dafab35ff31d79","False","False","0","2025","0","0","0","0","False","0","28,3","17,5","65,8","106,2","100","88,77696790636516","72,63117483182444","1239953408","[19:07:57] [Server thread/INFO]: The game is running normally [19:07:57] [Server thread/INFO]: Target tick rate: 20,0 per second. Average time per tick: 28,3ms (Target: 50,0ms) [19:07:57] [Server thread/INFO]: Percentiles: P50: 17,5ms P95: 65,8ms P99: 106,2ms, sample: 100"
"with-umce","1","2026-09-28T17:07:58.0602116+00:00","6cf7335bce411df15e0ffbdc67b873fbc8c44e82ce6dc26472dafab35ff31d79","False","False","0","2025","0","0","0","0","False","0","27,9","17,8","65,8","106,2","100","128,20407627424595","72,63117483182444","1239953408","[19:07:58] [Server thread/INFO]: The game is running normally [19:07:58] [Server thread/INFO]: Target tick rate: 20,0 per second. Average time per tick: 27,9ms (Target: 50,0ms) [19:07:58] [Server thread/INFO]: Percentiles: P50: 17,8ms P95: 65,8ms P99: 106,2ms, sample: 100"
"with-umce","1","2026-09-28T17:07:58.1821328+00:00","6cf7335bce411df15e0ffbdc67b873fbc8c44e82ce6dc26472dafab35ff31d79","False","False","0","2025","0","0","0","0","False","0","27,6","17,9","65,8","106,2","100","63,31519580908108","72,63117483182444","1239953408","[19:07:58] [Server thread/INFO]: The game is running normally [19:07:58] [Server thread/INFO]: Target tick rate: 20,0 per second. Average time per tick: 27,6ms (Target: 50,0ms) [19:07:58] [Server thread/INFO]: Percentiles: P50: 17,9ms P95: 65,8ms P99: 106,2ms, sample: 100"
"with-umce","1","2026-09-28T17:07:58.3054972+00:00","6cf7335bce411df15e0ffbdc67b873fbc8c44e82ce6dc26472dafab35ff31d79","False","False","0","2025","0","0","0","0","False","0","27,2","17,9","65,8","106,2","100","99,25243069202764","72,63117483182444","1239953408","[19:07:58] [Server thread/INFO]: The game is running normally [19:07:58] [Server thread/INFO]: Target tick rate: 20,0 per second. Average time per tick: 27,2ms (Target: 50,0ms) [19:07:58] [Server thread/INFO]: Percentiles: P50: 17,9ms P95: 65,8ms P99: 106,2ms, sample: 100"
"with-umce","1","2026-09-28T17:07:58.4314338+00:00","6cf7335bce411df15e0ffbdc67b873fbc8c44e82ce6dc26472dafab35ff31d79","False","False","0","2025","0","0","0","0","False","0","26,9","17,9","65,8","106,2","100","75,92002928286142","72,63117483182444","1239953408","[19:07:58] [Server thread/INFO]: The game is running normally [19:07:58] [Server thread/INFO]: Target tick rate: 20,0 per second. Average time per tick: 26,9ms (Target: 50,0ms) [19:07:58] [Server thread/INFO]: Percentiles: P50: 17,9ms P95: 65,8ms P99: 106,2ms, sample: 100"
"with-umce","1","2026-09-28T17:07:58.5549279+00:00","6cf7335bce411df15e0ffbdc67b873fbc8c44e82ce6dc26472dafab35ff31d79","False","False","0","2025","0","0","0","0","False","0","26,5","18,4","65,8","106,2","100","24,831838787729495","72,63117483182444","1239953408","[19:07:58] [Server thread/INFO]: The game is running normally [19:07:58] [Server thread/INFO]: Target tick rate: 20,0 per second. Average time per tick: 26,5ms (Target: 50,0ms) [19:07:58] [Server thread/INFO]: Percentiles: P50: 18,4ms P95: 65,8ms P99: 106,2ms, sample: 100"
"with-umce","1","2026-09-28T17:07:58.6807904+00:00","6cf7335bce411df15e0ffbdc67b873fbc8c44e82ce6dc26472dafab35ff31d79","False","False","0","2025","0","0","0","0","False","0","26,3","18,4","65,8","106,2","100","37,030892651885914","72,63117483182444","1239953408","[19:07:58] [Server thread/INFO]: The game is running normally [19:07:58] [Server thread/INFO]: Target tick rate: 20,0 per second. Average time per tick: 26,3ms (Target: 50,0ms) [19:07:58] [Server thread/INFO]: Percentiles: P50: 18,4ms P95: 65,8ms P99: 106,2ms, sample: 100"
"with-umce","1","2026-09-28T17:07:58.8073448+00:00","6cf7335bce411df15e0ffbdc67b873fbc8c44e82ce6dc26472dafab35ff31d79","False","False","0","2025","0","0","0","0","False","0","25,9","18,4","65,8","106,2","100","75,28264114792577","72,63117483182444","1239953408","[19:07:58] [Server thread/INFO]: The game is running normally [19:07:58] [Server thread/INFO]: Target tick rate: 20,0 per second. Average time per tick: 25,9ms (Target: 50,0ms) [19:07:58] [Server thread/INFO]: Percentiles: P50: 18,4ms P95: 65,8ms P99: 106,2ms, sample: 100"
"with-umce","1","2026-09-28T17:07:58.9318690+00:00","6cf7335bce411df15e0ffbdc67b873fbc8c44e82ce6dc26472dafab35ff31d79","False","False","0","2025","0","0","0","0","False","0","25,9","18,4","65,8","106,2","100","63,20322435546869","72,63117483182444","1239953408","[19:07:58] [Server thread/INFO]: The game is running normally [19:07:58] [Server thread/INFO]: Target tick rate: 20,0 per second. Average time per tick: 25,9ms (Target: 50,0ms) [19:07:58] [Server thread/INFO]: Percentiles: P50: 18,4ms P95: 65,8ms P99: 106,2ms, sample: 100"
"with-umce","1","2026-09-28T17:07:59.0555142+00:00","6cf7335bce411df15e0ffbdc67b873fbc8c44e82ce6dc26472dafab35ff31d79","False","False","0","2025","0","0","0","0","False","0","25,3","17,8","60","106,2","100","25,311780386083623","72,63117483182444","1239953408","[19:07:59] [Server thread/INFO]: The game is running normally [19:07:59] [Server thread/INFO]: Target tick rate: 20,0 per second. Average time per tick: 25,3ms (Target: 50,0ms) [19:07:59] [Server thread/INFO]: Percentiles: P50: 17,8ms P95: 60,0ms P99: 106,2ms, sample: 100"
"with-umce","1","2026-09-28T17:07:59.1789395+00:00","6cf7335bce411df15e0ffbdc67b873fbc8c44e82ce6dc26472dafab35ff31d79","False","False","0","2025","0","0","0","0","False","0","25,6","17,8","60","106,2","100","299,9280172758538","72,63117483182444","1239953408","[19:07:59] [Server thread/INFO]: The game is running normally [19:07:59] [Server thread/INFO]: Target tick rate: 20,0 per second. Average time per tick: 25,6ms (Target: 50,0ms) [19:07:59] [Server thread/INFO]: Percentiles: P50: 17,8ms P95: 60,0ms P99: 106,2ms, sample: 100"
"with-umce","1","2026-09-28T17:07:59.3039743+00:00","6cf7335bce411df15e0ffbdc67b873fbc8c44e82ce6dc26472dafab35ff31d79","False","False","0","2025","0","0","0","0","False","0","26,2","17,9","60","106,2","100","25,228306078689712","72,63117483182444","1239953408","[19:07:59] [Server thread/INFO]: The game is running normally [19:07:59] [Server thread/INFO]: Target tick rate: 20,0 per second. Average time per tick: 26,2ms (Target: 50,0ms) [19:07:59] [Server thread/INFO]: Percentiles: P50: 17,9ms P95: 60,0ms P99: 106,2ms, sample: 100"
"with-umce","1","2026-09-28T17:07:59.4278298+00:00","6cf7335bce411df15e0ffbdc67b873fbc8c44e82ce6dc26472dafab35ff31d79","False","False","0","2025","0","0","0","0","False","0","25,4","17,8","58,3","106,2","100","100,71981091534164","72,63117483182444","1239953408","[19:07:59] [Server thread/INFO]: The game is running normally [19:07:59] [Server thread/INFO]: Target tick rate: 20,0 per second. Average time per tick: 25,4ms (Target: 50,0ms) [19:07:59] [Server thread/INFO]: Percentiles: P50: 17,8ms P95: 58,3ms P99: 106,2ms, sample: 100"
"with-umce","1","2026-09-28T17:07:59.5674794+00:00","6cf7335bce411df15e0ffbdc67b873fbc8c44e82ce6dc26472dafab35ff31d79","False","False","0","2025","0","0","0","0","False","0","23,9","17,4","55,9","76,7","100","40,27689884634073","72,63117483182444","1239953408","[19:07:59] [Server thread/INFO]: The game is running normally [19:07:59] [Server thread/INFO]: Target tick rate: 20,0 per second. Average time per tick: 23,9ms (Target: 50,0ms) [19:07:59] [Server thread/INFO]: Percentiles: P50: 17,4ms P95: 55,9ms P99: 76,7ms, sample: 100"
"with-umce","1","2026-09-28T17:07:59.7226550+00:00","6cf7335bce411df15e0ffbdc67b873fbc8c44e82ce6dc26472dafab35ff31d79","False","False","0","2025","0","0","0","0","False","0","22,6","17,2","51,8","76,7","100","25,07735863592008","72,63117483182444","1239953408","[19:07:59] [Server thread/INFO]: The game is running normally [19:07:59] [Server thread/INFO]: Target tick rate: 20,0 per second. Average time per tick: 22,6ms (Target: 50,0ms) [19:07:59] [Server thread/INFO]: Percentiles: P50: 17,2ms P95: 51,8ms P99: 76,7ms, sample: 100"
"with-umce","1","2026-09-28T17:07:59.8472335+00:00","6cf7335bce411df15e0ffbdc67b873fbc8c44e82ce6dc26472dafab35ff31d79","False","False","0","2025","0","0","0","0","False","0","22,2","16,9","51,8","76,7","100","50,13512418670801","72,63117483182444","1239953408","[19:07:59] [Server thread/INFO]: The game is running normally [19:07:59] [Server thread/INFO]: Target tick rate: 20,0 per second. Average time per tick: 22,2ms (Target: 50,0ms) [19:07:59] [Server thread/INFO]: Percentiles: P50: 16,9ms P95: 51,8ms P99: 76,7ms, sample: 100"
"with-umce","1","2026-09-28T17:07:59.9718851+00:00","6cf7335bce411df15e0ffbdc67b873fbc8c44e82ce6dc26472dafab35ff31d79","False","False","0","2025","0","0","0","0","False","0","21,8","16,8","51,8","76,7","100","62,58982892246953","72,63117483182444","1239953408","[19:08:00] [Server thread/INFO]: The game is running normally [19:08:00] [Server thread/INFO]: Target tick rate: 20,0 per second. Average time per tick: 21,8ms (Target: 50,0ms) [19:08:00] [Server thread/INFO]: Percentiles: P50: 16,8ms P95: 51,8ms P99: 76,7ms, sample: 100"
"with-umce","1","2026-09-28T17:08:00.0967261+00:00","6cf7335bce411df15e0ffbdc67b873fbc8c44e82ce6dc26472dafab35ff31d79","False","False","0","2025","0","0","0","0","False","0","21,6","16,8","51,8","76,7","100","37,385957874100846","72,63117483182444","1239953408","[19:08:00] [Server thread/INFO]: The game is running normally [19:08:00] [Server thread/INFO]: Target tick rate: 20,0 per second. Average time per tick: 21,6ms (Target: 50,0ms) [19:08:00] [Server thread/INFO]: Percentiles: P50: 16,8ms P95: 51,8ms P99: 76,7ms, sample: 100"
"with-umce","1","2026-09-28T17:08:00.2221211+00:00","6cf7335bce411df15e0ffbdc67b873fbc8c44e82ce6dc26472dafab35ff31d79","False","False","0","2025","0","0","0","0","False","0","20,6","16,4","50,9","60","100","51,156170375420814","72,63117483182444","1239953408","[19:08:00] [Server thread/INFO]: The game is running normally [19:08:00] [Server thread/INFO]: Target tick rate: 20,0 per second. Average time per tick: 20,6ms (Target: 50,0ms) [19:08:00] [Server thread/INFO]: Percentiles: P50: 16,4ms P95: 50,9ms P99: 60,0ms, sample: 100"
"with-umce","1","2026-09-28T17:08:00.3442879+00:00","6cf7335bce411df15e0ffbdc67b873fbc8c44e82ce6dc26472dafab35ff31d79","False","False","0","2025","0","0","0","0","False","0","19,8","15,9","49,8","60","100","99,781677689216","72,63117483182444","1239953408","[19:08:00] [Server thread/INFO]: The game is running normally [19:08:00] [Server thread/INFO]: Target tick rate: 20,0 per second. Average time per tick: 19,8ms (Target: 50,0ms) [19:08:00] [Server thread/INFO]: Percentiles: P50: 15,9ms P95: 49,8ms P99: 60,0ms, sample: 100"
"with-umce","1","2026-09-28T17:08:00.4695364+00:00","6cf7335bce411df15e0ffbdc67b873fbc8c44e82ce6dc26472dafab35ff31d79","False","False","0","2025","0","0","0","0","False","0","18,8","15,2","47,2","60","100","0","72,63117483182444","1239953408","[19:08:00] [Server thread/INFO]: The game is running normally [19:08:00] [Server thread/INFO]: Target tick rate: 20,0 per second. Average time per tick: 18,8ms (Target: 50,0ms) [19:08:00] [Server thread/INFO]: Percentiles: P50: 15,2ms P95: 47,2ms P99: 60,0ms, sample: 100"
"with-umce","1","2026-09-28T17:08:00.5947759+00:00","6cf7335bce411df15e0ffbdc67b873fbc8c44e82ce6dc26472dafab35ff31d79","False","False","0","2025","0","0","0","0","False","0","18,1","15,1","37","60","100","50,32351984437552","72,63117483182444","1239953408","[19:08:00] [Server thread/INFO]: The game is running normally [19:08:00] [Server thread/INFO]: Target tick rate: 20,0 per second. Average time per tick: 18,1ms (Target: 50,0ms) [19:08:00] [Server thread/INFO]: Percentiles: P50: 15,1ms P95: 37,0ms P99: 60,0ms, sample: 100"
"with-umce","1","2026-09-28T17:08:00.7189441+00:00","6cf7335bce411df15e0ffbdc67b873fbc8c44e82ce6dc26472dafab35ff31d79","False","False","0","2025","0","0","0","0","False","0","16,9","14,9","31,4","47,2","100","50,44862957306737","72,63117483182444","1239953408","[19:08:00] [Server thread/INFO]: The game is running normally [19:08:00] [Server thread/INFO]: Target tick rate: 20,0 per second. Average time per tick: 16,9ms (Target: 50,0ms) [19:08:00] [Server thread/INFO]: Percentiles: P50: 14,9ms P95: 31,4ms P99: 47,2ms, sample: 100"
"with-umce","1","2026-09-28T17:08:00.8428617+00:00","6cf7335bce411df15e0ffbdc67b873fbc8c44e82ce6dc26472dafab35ff31d79","False","False","0","2025","0","0","0","0","False","0","16,4","14,9","29,4","36,2","100","62,231954525467906","72,63117483182444","1239953408","[19:08:00] [Server thread/INFO]: The game is running normally [19:08:00] [Server thread/INFO]: Target tick rate: 20,0 per second. Average time per tick: 16,4ms (Target: 50,0ms) [19:08:00] [Server thread/INFO]: Percentiles: P50: 14,9ms P95: 29,4ms P99: 36,2ms, sample: 100"
"with-umce","1","2026-09-28T17:08:00.9683769+00:00","6cf7335bce411df15e0ffbdc67b873fbc8c44e82ce6dc26472dafab35ff31d79","False","False","0","2025","0","0","0","0","False","0","15,9","14,7","22,8","36,2","100","25,036372842465532","72,63117483182444","1239953408","[19:08:01] [Server thread/INFO]: The game is running normally [19:08:01] [Server thread/INFO]: Target tick rate: 20,0 per second. Average time per tick: 15,9ms (Target: 50,0ms) [19:08:01] [Server thread/INFO]: Percentiles: P50: 14,7ms P95: 22,8ms P99: 36,2ms, sample: 100"
"with-umce","1","2026-09-28T17:08:01.0932063+00:00","6cf7335bce411df15e0ffbdc67b873fbc8c44e82ce6dc26472dafab35ff31d79","False","False","0","2025","0","0","0","0","False","0","15,5","14,6","20,5","36,2","100","37,97520654461671","72,63117483182444","1239953408","[19:08:01] [Server thread/INFO]: The game is running normally [19:08:01] [Server thread/INFO]: Target tick rate: 20,0 per second. Average time per tick: 15,5ms (Target: 50,0ms) [19:08:01] [Server thread/INFO]: Percentiles: P50: 14,6ms P95: 20,5ms P99: 36,2ms, sample: 100"
"with-umce","1","2026-09-28T17:08:01.2166300+00:00","6cf7335bce411df15e0ffbdc67b873fbc8c44e82ce6dc26472dafab35ff31d79","False","False","0","2025","0","0","0","0","False","0","15,4","14,4","20,5","36,2","100","24,797493747063978","72,63117483182444","1239953408","[19:08:01] [Server thread/INFO]: The game is running normally [19:08:01] [Server thread/INFO]: Target tick rate: 20,0 per second. Average time per tick: 15,4ms (Target: 50,0ms) [19:08:01] [Server thread/INFO]: Percentiles: P50: 14,4ms P95: 20,5ms P99: 36,2ms, sample: 100"
