"condition","repeat","time_utc","players_observed","pigs_in_seed_world","villagers_in_seed_world","tick_mean_ms","tick_p50_ms","tick_p95_ms","tick_p99_ms","tick_sample_count","process_cpu_percent_one_core","working_set_bytes","response"
"without-umce","1","2026-09-26T17:13:02.1797328+00:00","100","10074","500","243,7","224,2","486,2","581,5","100","187,74236616148335","6200868864","[19:13:02] [Server thread/INFO]: The game is running, but can't keep up with the target tick rate [19:13:02] [Server thread/INFO]: Target tick rate: 20,0 per second. Average time per tick: 243,7ms (Target: 50,0ms) [19:13:02] [Server thread/INFO]: Percentiles: P50: 224,2ms P95: 486,2ms P99: 581,5ms, sample: 100"
"without-umce","1","2026-09-26T17:13:02.7092178+00:00","100","10074","500","247,4",,,,,"143,3962201991769","6200868864","[19:13:03] [Server thread/INFO]: The game is running, but can't keep up with the target tick rate [19:13:03] [Server thread/INFO]: Target tick rate: 20,0 per second. Average time per tick: 247,4ms (Target: 50,0ms)"
"without-umce","1","2026-09-26T17:13:03.1124881+00:00","100","10074","500","248,1","225,1","486,2","581,5","100","134,71180064099272","6200868864","[19:13:03] [Server thread/INFO]: Percentiles: P50: 225,1ms P95: 486,2ms P99: 581,5ms, sample: 100 [19:13:03] [Server thread/INFO]: The game is running, but can't keep up with the target tick rate [19:13:03] [Server thread/INFO]: Target tick rate: 20,0 per second. Average time per tick: 248,1ms (Target: 50,0ms) [19:13:03] [Server thread/INFO]: Percentiles: P50: 225,1ms P95: 486,2ms P99: 581,5ms, sample: 100"
"without-umce","1","2026-09-26T17:13:03.8659370+00:00","100","10074","500","250,7","226,8","486,2","581,5","100","174,66792036575603","6200868864","[19:13:04] [Server thread/INFO]: The game is running, but can't keep up with the target tick rate [19:13:04] [Server thread/INFO]: Target tick rate: 20,0 per second. Average time per tick: 250,7ms (Target: 50,0ms) [19:13:04] [Server thread/INFO]: Percentiles: P50: 226,8ms P95: 486,2ms P99: 581,5ms, sample: 100"
"without-umce","1","2026-09-26T17:13:04.5009948+00:00","100","10074","500","254,1","232,3","486,2","581,5","100","136,61063300919548","6200868864","[19:13:04] [Server thread/INFO]: The game is running, but can't keep up with the target tick rate [19:13:04] [Server thread/INFO]: Target tick rate: 20,0 per second. Average time per tick: 254,1ms (Target: 50,0ms) [19:13:04] [Server thread/INFO]: Percentiles: P50: 232,3ms P95: 486,2ms P99: 581,5ms, sample: 100"
"without-umce","1","2026-09-26T17:13:04.9928878+00:00","100","10074","500","254,6","232,3","486,2","581,5","100","130,11576640692346","6200868864","[19:13:05] [Server thread/INFO]: The game is running, but can't keep up with the target tick rate [19:13:05] [Server thread/INFO]: Target tick rate: 20,0 per second. Average time per tick: 254,6ms (Target: 50,0ms) [19:13:05] [Server thread/INFO]: Percentiles: P50: 232,3ms P95: 486,2ms P99: 581,5ms, sample: 100"
"without-umce","1","2026-09-26T17:13:05.6413069+00:00","100","10074","500","257","233,1","486,2","581,5","100","155,1709618209586","6200868864","[19:13:06] [Server thread/INFO]: The game is running, but can't keep up with the target tick rate [19:13:06] [Server thread/INFO]: Target tick rate: 20,0 per second. Average time per tick: 257,0ms (Target: 50,0ms) [19:13:06] [Server thread/INFO]: Percentiles: P50: 233,1ms P95: 486,2ms P99: 581,5ms, sample: 100"
"without-umce","1","2026-09-26T17:13:06.3964763+00:00","100","10074","500","260,5","233,4","486,2","581,5","100","160,56549065714776","6200868864","[19:13:06] [Server thread/INFO]: The game is running, but can't keep up with the target tick rate [19:13:06] [Server thread/INFO]: Target tick rate: 20,0 per second. Average time per tick: 260,5ms (Target: 50,0ms) [19:13:06] [Server thread/INFO]: Percentiles: P50: 233,4ms P95: 486,2ms P99: 581,5ms, sample: 100"
"without-umce","1","2026-09-26T17:13:07.0095561+00:00","100","10074","500","260,6","233,4","486,2","581,5","100","137,032751206247","6200868864","[19:13:07] [Server thread/INFO]: The game is running, but can't keep up with the target tick rate [19:13:07] [Server thread/INFO]: Target tick rate: 20,0 per second. Average time per tick: 260,6ms (Target: 50,0ms) [19:13:07] [Server thread/INFO]: Percentiles: P50: 233,4ms P95: 486,2ms P99: 581,5ms, sample: 100"
"without-umce","1","2026-09-26T17:13:07.6367391+00:00","100","10074","500","262,6","236,1","486,2","581,5","100","137,56036148662034","6200868864","[19:13:08] [Server thread/INFO]: The game is running, but can't keep up with the target tick rate [19:13:08] [Server thread/INFO]: Target tick rate: 20,0 per second. Average time per tick: 262,6ms (Target: 50,0ms) [19:13:08] [Server thread/INFO]: Percentiles: P50: 236,1ms P95: 486,2ms P99: 581,5ms, sample: 100"
"without-umce","1","2026-09-26T17:13:08.4090564+00:00","100","10074","500","266","239,2","486,2","581,5","100","119,82439344135254","6200868864","[19:13:08] [Server thread/INFO]: The game is running, but can't keep up with the target tick rate [19:13:08] [Server thread/INFO]: Target tick rate: 20,0 per second. Average time per tick: 266,0ms (Target: 50,0ms) [19:13:08] [Server thread/INFO]: Percentiles: P50: 239,2ms P95: 486,2ms P99: 581,5ms, sample: 100"
"without-umce","1","2026-09-26T17:13:08.9050571+00:00","100","10074","500","266,3","239,2","486,2","581,5","100","121,57659753594388","6200868864","[19:13:09] [Server thread/INFO]: The game is running, but can't keep up with the target tick rate [19:13:09] [Server thread/INFO]: Target tick rate: 20,0 per second. Average time per tick: 266,3ms (Target: 50,0ms) [19:13:09] [Server thread/INFO]: Percentiles: P50: 239,2ms P95: 486,2ms P99: 581,5ms, sample: 100"
"without-umce","1","2026-09-26T17:13:09.6757958+00:00","100","10074","500","269,1","240,1","486,2","581,5","100","151,55685477461293","6200868864","[19:13:10] [Server thread/INFO]: The game is running, but can't keep up with the target tick rate [19:13:10] [Server thread/INFO]: Target tick rate: 20,0 per second. Average time per tick: 269,1ms (Target: 50,0ms) [19:13:10] [Server thread/INFO]: Percentiles: P50: 240,1ms P95: 486,2ms P99: 581,5ms, sample: 100"
"without-umce","1","2026-09-26T17:13:10.5520486+00:00","100","10074","500","272,2","241,1","486,2","581,5","100","117,22139123872368","6200868864","[19:13:11] [Server thread/INFO]: The game is running, but can't keep up with the target tick rate [19:13:11] [Server thread/INFO]: Target tick rate: 20,0 per second. Average time per tick: 272,2ms (Target: 50,0ms) [19:13:11] [Server thread/INFO]: Percentiles: P50: 241,1ms P95: 486,2ms P99: 581,5ms, sample: 100"
"without-umce","1","2026-09-26T17:13:11.0452683+00:00","100","10074","500","272,1","241,1","486,2","581,5","100","135,50167970734833","6200868864","[19:13:11] [Server thread/INFO]: The game is running, but can't keep up with the target tick rate [19:13:11] [Server thread/INFO]: Target tick rate: 20,0 per second. Average time per tick: 272,1ms (Target: 50,0ms) [19:13:11] [Server thread/INFO]: Percentiles: P50: 241,1ms P95: 486,2ms P99: 581,5ms, sample: 100"
"without-umce","1","2026-09-26T17:13:11.9216635+00:00","100","10074","500","274,6","244,3","486,2","581,5","100","119,20181044421356","6200868864","[19:13:12] [Server thread/INFO]: The game is running, but can't keep up with the target tick rate [19:13:12] [Server thread/INFO]: Target tick rate: 20,0 per second. Average time per tick: 274,6ms (Target: 50,0ms) [19:13:12] [Server thread/INFO]: Percentiles: P50: 244,3ms P95: 486,2ms P99: 581,5ms, sample: 100"
"without-umce","1","2026-09-26T17:13:12.7998830+00:00","100","10074","500","277,9","247,2","486,2","581,5","100","118,59241439974562","6200868864","[19:13:13] [Server thread/INFO]: The game is running, but can't keep up with the target tick rate [19:13:13] [Server thread/INFO]: Target tick rate: 20,0 per second. Average time per tick: 277,9ms (Target: 50,0ms) [19:13:13] [Server thread/INFO]: Percentiles: P50: 247,2ms P95: 486,2ms P99: 581,5ms, sample: 100"
"without-umce","1","2026-09-26T17:13:13.5510325+00:00","100","10074","500","278,2","247,2","486,2","581,5","100","132,82641936540716","6200868864","[19:13:14] [Server thread/INFO]: The game is running, but can't keep up with the target tick rate [19:13:14] [Server thread/INFO]: Target tick rate: 20,0 per second. Average time per tick: 278,2ms (Target: 50,0ms) [19:13:14] [Server thread/INFO]: Percentiles: P50: 247,2ms P95: 486,2ms P99: 581,5ms, sample: 100"
"without-umce","1","2026-09-26T17:13:14.2919622+00:00","100","10074","500","280,7","255,5","486,2","581,5","100","155,9061541738414","6200868864","[19:13:14] [Server thread/INFO]: The game is running, but can't keep up with the target tick rate [19:13:14] [Server thread/INFO]: Target tick rate: 20,0 per second. Average time per tick: 280,7ms (Target: 50,0ms) [19:13:14] [Server thread/INFO]: Percentiles: P50: 255,5ms P95: 486,2ms P99: 581,5ms, sample: 100"
"without-umce","1","2026-09-26T17:13:15.0435637+00:00","100","10074","500","283,7","270,9","486,2","581,5","100","118,69408717200285","6200868864","[19:13:15] [Server thread/INFO]: The game is running, but can't keep up with the target tick rate [19:13:15] [Server thread/INFO]: Target tick rate: 20,0 per second. Average time per tick: 283,7ms (Target: 50,0ms) [19:13:15] [Server thread/INFO]: Percentiles: P50: 270,9ms P95: 486,2ms P99: 581,5ms, sample: 100"
"without-umce","1","2026-09-26T17:13:15.7940408+00:00","100","10074","500","283,4","270,9","486,2","581,5","100","125,14600367094944","6200868864","[19:13:16] [Server thread/INFO]: The game is running, but can't keep up with the target tick rate [19:13:16] [Server thread/INFO]: Target tick rate: 20,0 per second. Average time per tick: 283,4ms (Target: 50,0ms) [19:13:16] [Server thread/INFO]: Percentiles: P50: 270,9ms P95: 486,2ms P99: 581,5ms, sample: 100"
"without-umce","1","2026-09-26T17:13:16.5430636+00:00","100","10074","500","285,8","272,6","486,2","581,5","100","192,1955080098582","6200868864","[19:13:17] [Server thread/INFO]: The game is running, but can't keep up with the target tick rate [19:13:17] [Server thread/INFO]: Target tick rate: 20,0 per second. Average time per tick: 285,8ms (Target: 50,0ms) [19:13:17] [Server thread/INFO]: Percentiles: P50: 272,6ms P95: 486,2ms P99: 581,5ms, sample: 100"
"without-umce","1","2026-09-26T17:13:17.3072256+00:00","100","10074","500","289,2","273,2","486,2","581,5","100","119,0623979039938","6200868864","[19:13:17] [Server thread/INFO]: The game is running, but can't keep up with the target tick rate [19:13:17] [Server thread/INFO]: Target tick rate: 20,0 per second. Average time per tick: 289,2ms (Target: 50,0ms) [19:13:17] [Server thread/INFO]: Percentiles: P50: 273,2ms P95: 486,2ms P99: 581,5ms, sample: 100"
"without-umce","1","2026-09-26T17:13:17.9371557+00:00","100","10074","500","288,8","273,2","486,2","581,5","100","137,3811561411941","6200868864","[19:13:18] [Server thread/INFO]: The game is running, but can't keep up with the target tick rate [19:13:18] [Server thread/INFO]: Target tick rate: 20,0 per second. Average time per tick: 288,8ms (Target: 50,0ms) [19:13:18] [Server thread/INFO]: Percentiles: P50: 273,2ms P95: 486,2ms P99: 581,5ms, sample: 100"
"without-umce","1","2026-09-26T17:13:18.6877725+00:00","100","10074","500","290,9","280,8","486,2","581,5","100","141,8411501935581","6200868864","[19:13:19] [Server thread/INFO]: The game is running, but can't keep up with the target tick rate [19:13:19] [Server thread/INFO]: Target tick rate: 20,0 per second. Average time per tick: 290,9ms (Target: 50,0ms) [19:13:19] [Server thread/INFO]: Percentiles: P50: 280,8ms P95: 486,2ms P99: 581,5ms, sample: 100"
"without-umce","1","2026-09-26T17:13:19.4368707+00:00","100","10074","500","293,6","288,7","486,2","581,5","100","126,57288731204727","6200868864","[19:13:19] [Server thread/INFO]: The game is running, but can't keep up with the target tick rate [19:13:19] [Server thread/INFO]: Target tick rate: 20,0 per second. Average time per tick: 293,6ms (Target: 50,0ms) [19:13:19] [Server thread/INFO]: Percentiles: P50: 288,7ms P95: 486,2ms P99: 581,5ms, sample: 100"
"without-umce","1","2026-09-26T17:13:19.9430224+00:00","100","10074","500","293","288,7","486,2","581,5","100","133,34133381336213","6200868864","[19:13:20] [Server thread/INFO]: The game is running, but can't keep up with the target tick rate [19:13:20] [Server thread/INFO]: Target tick rate: 20,0 per second. Average time per tick: 293,0ms (Target: 50,0ms) [19:13:20] [Server thread/INFO]: Percentiles: P50: 288,7ms P95: 486,2ms P99: 581,5ms, sample: 100"
"without-umce","1","2026-09-26T17:13:20.6929697+00:00","100","10074","500","295,2","293,2","486,2","581,5","100","146,25013633056184","6200868864","[19:13:21] [Server thread/INFO]: The game is running, but can't keep up with the target tick rate [19:13:21] [Server thread/INFO]: Target tick rate: 20,0 per second. Average time per tick: 295,2ms (Target: 50,0ms) [19:13:21] [Server thread/INFO]: Percentiles: P50: 293,2ms P95: 486,2ms P99: 581,5ms, sample: 100"
"without-umce","1","2026-09-26T17:13:21.4301651+00:00","100","10074","500","297,5","295,5","486,2","581,5","100","116,6276107397579","6200868864","[19:13:21] [Server thread/INFO]: The game is running, but can't keep up with the target tick rate [19:13:21] [Server thread/INFO]: Target tick rate: 20,0 per second. Average time per tick: 297,5ms (Target: 50,0ms) [19:13:21] [Server thread/INFO]: Percentiles: P50: 295,5ms P95: 486,2ms P99: 581,5ms, sample: 100"
"without-umce","1","2026-09-26T17:13:21.9395742+00:00","100","10074","500","296,6","295,5","486,2","581,5","100","152,10977150778308","6200868864","[19:13:22] [Server thread/INFO]: The game is running, but can't keep up with the target tick rate [19:13:22] [Server thread/INFO]: Target tick rate: 20,0 per second. Average time per tick: 296,6ms (Target: 50,0ms) [19:13:22] [Server thread/INFO]: Percentiles: P50: 295,5ms P95: 486,2ms P99: 581,5ms, sample: 100"
"without-umce","1","2026-09-26T17:13:22.5660089+00:00","100","10074","500","298,4","296,9","486,2","581,5","100","168,59067057692675","6200868864","[19:13:23] [Server thread/INFO]: The game is running, but can't keep up with the target tick rate [19:13:23] [Server thread/INFO]: Target tick rate: 20,0 per second. Average time per tick: 298,4ms (Target: 50,0ms) [19:13:23] [Server thread/INFO]: Percentiles: P50: 296,9ms P95: 486,2ms P99: 581,5ms, sample: 100"
"without-umce","1","2026-09-26T17:13:23.3165587+00:00","100","10074","500","301,1","298,3","486,2","581,5","100","127,30109458573169","6200868864","[19:13:23] [Server thread/INFO]: The game is running, but can't keep up with the target tick rate [19:13:23] [Server thread/INFO]: Target tick rate: 20,0 per second. Average time per tick: 301,1ms (Target: 50,0ms) [19:13:23] [Server thread/INFO]: Percentiles: P50: 298,3ms P95: 486,2ms P99: 581,5ms, sample: 100"
"without-umce","1","2026-09-26T17:13:23.8075033+00:00","100","10074","500","300,3","298,3","486,2","581,5","100","166,16280153141986","6200868864","[19:13:24] [Server thread/INFO]: The game is running, but can't keep up with the target tick rate [19:13:24] [Server thread/INFO]: Target tick rate: 20,0 per second. Average time per tick: 300,3ms (Target: 50,0ms) [19:13:24] [Server thread/INFO]: Percentiles: P50: 298,3ms P95: 486,2ms P99: 581,5ms, sample: 100"
"without-umce","1","2026-09-26T17:13:24.4374965+00:00","100","10074","500","302,2","300,2","486,2","581,5","100","162,02507210863516","6200868864","[19:13:25] [Server thread/INFO]: The game is running, but can't keep up with the target tick rate [19:13:25] [Server thread/INFO]: Target tick rate: 20,0 per second. Average time per tick: 302,2ms (Target: 50,0ms) [19:13:25] [Server thread/INFO]: Percentiles: P50: 300,2ms P95: 486,2ms P99: 581,5ms, sample: 100"
"without-umce","1","2026-09-26T17:13:25.1897084+00:00","100","10074","500","304,7","306,3","486,2","581,5","100","111,2783041135583","6200868864","[19:13:25] [Server thread/INFO]: The game is running, but can't keep up with the target tick rate [19:13:25] [Server thread/INFO]: Target tick rate: 20,0 per second. Average time per tick: 304,7ms (Target: 50,0ms) [19:13:25] [Server thread/INFO]: Percentiles: P50: 306,3ms P95: 486,2ms P99: 581,5ms, sample: 100"
"without-umce","1","2026-09-26T17:13:25.6811597+00:00","100","10074","500","303,7","306,3","486,2","581,5","100","151,5911805543406","6200868864","[19:13:26] [Server thread/INFO]: The game is running, but can't keep up with the target tick rate [19:13:26] [Server thread/INFO]: Target tick rate: 20,0 per second. Average time per tick: 303,7ms (Target: 50,0ms) [19:13:26] [Server thread/INFO]: Percentiles: P50: 306,3ms P95: 486,2ms P99: 581,5ms, sample: 100"
"without-umce","1","2026-09-26T17:13:26.3098961+00:00","100","10074","500","305,4","308,6","486,2","581,5","100","162,43466344468703","6200868864","[19:13:26] [Server thread/INFO]: The game is running, but can't keep up with the target tick rate [19:13:26] [Server thread/INFO]: Target tick rate: 20,0 per second. Average time per tick: 305,4ms (Target: 50,0ms) [19:13:26] [Server thread/INFO]: Percentiles: P50: 308,6ms P95: 486,2ms P99: 581,5ms, sample: 100"
"without-umce","1","2026-09-26T17:13:26.9543995+00:00","100","10074","500","307,8","309,2","486,2","581,5","100","111,0323352554236","6200868864","[19:13:27] [Server thread/INFO]: The game is running, but can't keep up with the target tick rate [19:13:27] [Server thread/INFO]: Target tick rate: 20,0 per second. Average time per tick: 307,8ms (Target: 50,0ms) [19:13:27] [Server thread/INFO]: Percentiles: P50: 309,2ms P95: 486,2ms P99: 581,5ms, sample: 100"
"without-umce","1","2026-09-26T17:13:27.4470132+00:00","100","10074","500","306,6","309,2","486,2","581,5","100","131,46304023880836","6200868864","[19:13:28] [Server thread/INFO]: The game is running, but can't keep up with the target tick rate [19:13:28] [Server thread/INFO]: Target tick rate: 20,0 per second. Average time per tick: 306,6ms (Target: 50,0ms) [19:13:28] [Server thread/INFO]: Percentiles: P50: 309,2ms P95: 486,2ms P99: 581,5ms, sample: 100"
"without-umce","1","2026-09-26T17:13:28.1957029+00:00","100","10074","500","308,7","311,6","486,2","581,5","100","150,9968206109452","6200868864","[19:13:28] [Server thread/INFO]: The game is running, but can't keep up with the target tick rate [19:13:28] [Server thread/INFO]: Target tick rate: 20,0 per second. Average time per tick: 308,7ms (Target: 50,0ms) [19:13:28] [Server thread/INFO]: Percentiles: P50: 311,6ms P95: 486,2ms P99: 581,5ms, sample: 100"
"without-umce","1","2026-09-26T17:13:28.8269215+00:00","100","10074","500","311,1","317","486,2","581,5","100","129,19131062689826","6200868864","[19:13:29] [Server thread/INFO]: The game is running, but can't keep up with the target tick rate [19:13:29] [Server thread/INFO]: Target tick rate: 20,0 per second. Average time per tick: 311,1ms (Target: 50,0ms) [19:13:29] [Server thread/INFO]: Percentiles: P50: 317,0ms P95: 486,2ms P99: 581,5ms, sample: 100"
"without-umce","1","2026-09-26T17:13:29.3348869+00:00","100","10074","500","309,6","311,6","486,2","581,5","100","160,00597045308416","6200868864","[19:13:29] [Server thread/INFO]: The game is running, but can't keep up with the target tick rate [19:13:29] [Server thread/INFO]: Target tick rate: 20,0 per second. Average time per tick: 309,6ms (Target: 50,0ms) [19:13:29] [Server thread/INFO]: Percentiles: P50: 311,6ms P95: 486,2ms P99: 581,5ms, sample: 100"
"without-umce","1","2026-09-26T17:13:29.9793886+00:00","100","10074","500","311,1","311,6","486,2","581,5","100","135,79688014815673","6200868864","[19:13:30] [Server thread/INFO]: The game is running, but can't keep up with the target tick rate [19:13:30] [Server thread/INFO]: Target tick rate: 20,0 per second. Average time per tick: 311,1ms (Target: 50,0ms) [19:13:30] [Server thread/INFO]: Percentiles: P50: 311,6ms P95: 486,2ms P99: 581,5ms, sample: 100"
"without-umce","1","2026-09-26T17:13:30.6237622+00:00","100","10074","500","313","317","486,2","581,5","100","119,94088132411977","6200868864","[19:13:30] [Server thread/INFO]: The game is running, but can't keep up with the target tick rate [19:13:30] [Server thread/INFO]: Target tick rate: 20,0 per second. Average time per tick: 313,0ms (Target: 50,0ms) [19:13:30] [Server thread/INFO]: Percentiles: P50: 317,0ms P95: 486,2ms P99: 581,5ms, sample: 100"
"without-umce","1","2026-09-26T17:13:31.1318357+00:00","100","10074","500","311,4","317","486,2","581,5","100","126,66150233739285","6200868864","[19:13:31] [Server thread/INFO]: The game is running, but can't keep up with the target tick rate [19:13:31] [Server thread/INFO]: Target tick rate: 20,0 per second. Average time per tick: 311,4ms (Target: 50,0ms) [19:13:31] [Server thread/INFO]: Percentiles: P50: 317,0ms P95: 486,2ms P99: 581,5ms, sample: 100"
"without-umce","1","2026-09-26T17:13:31.6376824+00:00","100","10074","500","313","317","486,2","581,5","100","143,27213965686448","6200868864","[19:13:32] [Server thread/INFO]: The game is running, but can't keep up with the target tick rate [19:13:32] [Server thread/INFO]: Target tick rate: 20,0 per second. Average time per tick: 313,0ms (Target: 50,0ms) [19:13:32] [Server thread/INFO]: Percentiles: P50: 317,0ms P95: 486,2ms P99: 581,5ms, sample: 100"
"without-umce","1","2026-09-26T17:13:32.3900844+00:00","100","10074","500","315,1","322,3","486,2","581,5","100","123,63795483436273","6200868864","[19:13:32] [Server thread/INFO]: The game is running, but can't keep up with the target tick rate [19:13:32] [Server thread/INFO]: Target tick rate: 20,0 per second. Average time per tick: 315,1ms (Target: 50,0ms) [19:13:32] [Server thread/INFO]: Percentiles: P50: 322,3ms P95: 486,2ms P99: 581,5ms, sample: 100"
"without-umce","1","2026-09-26T17:13:32.8956067+00:00","100","10074","500","313,2","317","486,2","581,5","100","131,51248137783261","6200868864","[19:13:33] [Server thread/INFO]: The game is running, but can't keep up with the target tick rate [19:13:33] [Server thread/INFO]: Target tick rate: 20,0 per second. Average time per tick: 313,2ms (Target: 50,0ms) [19:13:33] [Server thread/INFO]: Percentiles: P50: 317,0ms P95: 486,2ms P99: 581,5ms, sample: 100"
"without-umce","1","2026-09-26T17:13:33.6442665+00:00","100","10074","500","314,5","317","486,2","581,5","100","168,15904935388605","6200868864","[19:13:34] [Server thread/INFO]: The game is running, but can't keep up with the target tick rate [19:13:34] [Server thread/INFO]: Target tick rate: 20,0 per second. Average time per tick: 314,5ms (Target: 50,0ms) [19:13:34] [Server thread/INFO]: Percentiles: P50: 317,0ms P95: 486,2ms P99: 581,5ms, sample: 100"
"without-umce","1","2026-09-26T17:13:34.2573717+00:00","100","10074","500","316,5","322,3","486,2","581,5","100","105,90377623683686","6200868864","[19:13:34] [Server thread/INFO]: The game is running, but can't keep up with the target tick rate [19:13:34] [Server thread/INFO]: Target tick rate: 20,0 per second. Average time per tick: 316,5ms (Target: 50,0ms) [19:13:34] [Server thread/INFO]: Percentiles: P50: 322,3ms P95: 486,2ms P99: 581,5ms, sample: 100"
"without-umce","1","2026-09-26T17:13:34.6557159+00:00","100","10074","500","314,6","317","486,2","581,5","100","191,14390084079383","6200868864","[19:13:35] [Server thread/INFO]: The game is running, but can't keep up with the target tick rate [19:13:35] [Server thread/INFO]: Target tick rate: 20,0 per second. Average time per tick: 314,6ms (Target: 50,0ms) [19:13:35] [Server thread/INFO]: Percentiles: P50: 317,0ms P95: 486,2ms P99: 581,5ms, sample: 100"
"without-umce","1","2026-09-26T17:13:35.4077832+00:00","100","10074","500","315,4","317","486,2","581,5","100","145,25647146631675","6200868864","[19:13:36] [Server thread/INFO]: The game is running, but can't keep up with the target tick rate [19:13:36] [Server thread/INFO]: Target tick rate: 20,0 per second. Average time per tick: 315,4ms (Target: 50,0ms) [19:13:36] [Server thread/INFO]: Percentiles: P50: 317,0ms P95: 486,2ms P99: 581,5ms, sample: 100"
"without-umce","1","2026-09-26T17:13:36.1607711+00:00","100","10074","500","317,4","322,3","486,2","581,5","100","126,3195508710053","6200868864","[19:13:36] [Server thread/INFO]: The game is running, but can't keep up with the target tick rate [19:13:36] [Server thread/INFO]: Target tick rate: 20,0 per second. Average time per tick: 317,4ms (Target: 50,0ms) [19:13:36] [Server thread/INFO]: Percentiles: P50: 322,3ms P95: 486,2ms P99: 581,5ms, sample: 100"
"without-umce","1","2026-09-26T17:13:36.5318690+00:00","100","10074","500","315,7","317","486,2","581,5","100","123,9112943657879","6200868864","[19:13:37] [Server thread/INFO]: The game is running, but can't keep up with the target tick rate [19:13:37] [Server thread/INFO]: Target tick rate: 20,0 per second. Average time per tick: 315,7ms (Target: 50,0ms) [19:13:37] [Server thread/INFO]: Percentiles: P50: 317,0ms P95: 486,2ms P99: 581,5ms, sample: 100"
"without-umce","1","2026-09-26T17:13:37.2758119+00:00","100","10074","500","316,9","317","486,2","581,5","100","138,426805062398","6200868864","[19:13:37] [Server thread/INFO]: The game is running, but can't keep up with the target tick rate [19:13:37] [Server thread/INFO]: Target tick rate: 20,0 per second. Average time per tick: 316,9ms (Target: 50,0ms) [19:13:37] [Server thread/INFO]: Percentiles: P50: 317,0ms P95: 486,2ms P99: 581,5ms, sample: 100"
"without-umce","1","2026-09-26T17:13:38.0320894+00:00","100","10074","500","319","322,3","486,2","581,5","100","135,54070427302977","6200868864","[19:13:38] [Server thread/INFO]: The game is running, but can't keep up with the target tick rate [19:13:38] [Server thread/INFO]: Target tick rate: 20,0 per second. Average time per tick: 319,0ms (Target: 50,0ms) [19:13:38] [Server thread/INFO]: Percentiles: P50: 322,3ms P95: 486,2ms P99: 581,5ms, sample: 100"
"without-umce","1","2026-09-26T17:13:38.5278034+00:00","100","10074","500","317,2","317","486,2","581,5","100","121,57289712021748","6200868864","[19:13:39] [Server thread/INFO]: The game is running, but can't keep up with the target tick rate [19:13:39] [Server thread/INFO]: Target tick rate: 20,0 per second. Average time per tick: 317,2ms (Target: 50,0ms) [19:13:39] [Server thread/INFO]: Percentiles: P50: 317,0ms P95: 486,2ms P99: 581,5ms, sample: 100"
"without-umce","1","2026-09-26T17:13:39.2862303+00:00","100","10074","500","318,4","317","486,2","581,5","100","141,99687566780295","6200868864","[19:13:39] [Server thread/INFO]: The game is running, but can't keep up with the target tick rate [19:13:39] [Server thread/INFO]: Target tick rate: 20,0 per second. Average time per tick: 318,4ms (Target: 50,0ms) [19:13:39] [Server thread/INFO]: Percentiles: P50: 317,0ms P95: 486,2ms P99: 581,5ms, sample: 100"
"without-umce","1","2026-09-26T17:13:40.0343490+00:00","100","10074","500","320","322,3","486,2","581,5","100","115,3798899077495","6200868864","[19:13:40] [Server thread/INFO]: The game is running, but can't keep up with the target tick rate [19:13:40] [Server thread/INFO]: Target tick rate: 20,0 per second. Average time per tick: 320,0ms (Target: 50,0ms) [19:13:40] [Server thread/INFO]: Percentiles: P50: 322,3ms P95: 486,2ms P99: 581,5ms, sample: 100"
"without-umce","1","2026-09-26T17:13:40.6708516+00:00","100","10074","500","318,3","317","486,2","581,5","100","134,13609618362085","6200868864","[19:13:41] [Server thread/INFO]: The game is running, but can't keep up with the target tick rate [19:13:41] [Server thread/INFO]: Target tick rate: 20,0 per second. Average time per tick: 318,3ms (Target: 50,0ms) [19:13:41] [Server thread/INFO]: Percentiles: P50: 317,0ms P95: 486,2ms P99: 581,5ms, sample: 100"
"without-umce","1","2026-09-26T17:13:41.4279819+00:00","100","10074","500","320,2",,,,,"169,1982811775066","6200868864","[19:13:42] [Server thread/INFO]: The game is running, but can't keep up with the target tick rate [19:13:42] [Server thread/INFO]: Target tick rate: 20,0 per second. Average time per tick: 320,2ms (Target: 50,0ms)"
"without-umce","1","2026-09-26T17:13:42.2036830+00:00","100","10074","500","321,9","317","486,2","581,5","100","131,47217280216958","6200868864","[19:13:42] [Server thread/INFO]: Percentiles: P50: 317,0ms P95: 486,2ms P99: 581,5ms, sample: 100 [19:13:42] [Server thread/INFO]: The game is running, but can't keep up with the target tick rate [19:13:42] [Server thread/INFO]: Target tick rate: 20,0 per second. Average time per tick: 321,9ms (Target: 50,0ms) [19:13:42] [Server thread/INFO]: Percentiles: P50: 322,3ms P95: 486,2ms P99: 581,5ms, sample: 100"
"without-umce","1","2026-09-26T17:13:42.8217079+00:00","100","10074","500","319,8","317","486,2","581,5","100","135,77011706830305","6200868864","[19:13:43] [Server thread/INFO]: The game is running, but can't keep up with the target tick rate [19:13:43] [Server thread/INFO]: Target tick rate: 20,0 per second. Average time per tick: 319,8ms (Target: 50,0ms) [19:13:43] [Server thread/INFO]: Percentiles: P50: 317,0ms P95: 486,2ms P99: 581,5ms, sample: 100"
"without-umce","1","2026-09-26T17:13:43.7538472+00:00","100","10074","500","321,4","318,5","486,2","581,5","100","147,8059682079216","6200868864","[19:13:44] [Server thread/INFO]: The game is running, but can't keep up with the target tick rate [19:13:44] [Server thread/INFO]: Target tick rate: 20,0 per second. Average time per tick: 321,4ms (Target: 50,0ms) [19:13:44] [Server thread/INFO]: Percentiles: P50: 318,5ms P95: 486,2ms P99: 581,5ms, sample: 100"
"without-umce","1","2026-09-26T17:13:44.6420533+00:00","100","10074","500","323,8","322,3","486,2","581,5","100","119,76566070907725","6200868864","[19:13:45] [Server thread/INFO]: The game is running, but can't keep up with the target tick rate [19:13:45] [Server thread/INFO]: Target tick rate: 20,0 per second. Average time per tick: 323,8ms (Target: 50,0ms) [19:13:45] [Server thread/INFO]: Percentiles: P50: 322,3ms P95: 486,2ms P99: 581,5ms, sample: 100"
"without-umce","1","2026-09-26T17:13:45.3854888+00:00","100","10074","500","321,5","318,5","486,2","581,5","100","126,97978823608933","6200868864","[19:13:46] [Server thread/INFO]: The game is running, but can't keep up with the target tick rate [19:13:46] [Server thread/INFO]: Target tick rate: 20,0 per second. Average time per tick: 321,5ms (Target: 50,0ms) [19:13:46] [Server thread/INFO]: Percentiles: P50: 318,5ms P95: 486,2ms P99: 581,5ms, sample: 100"
"without-umce","1","2026-09-26T17:13:46.1607134+00:00","100","10074","500","323,1","322,3","486,2","581,5","100","146,30507753753793","6200868864","[19:13:47] [Server thread/INFO]: The game is running, but can't keep up with the target tick rate [19:13:47] [Server thread/INFO]: Target tick rate: 20,0 per second. Average time per tick: 323,1ms (Target: 50,0ms) [19:13:47] [Server thread/INFO]: Percentiles: P50: 322,3ms P95: 486,2ms P99: 581,5ms, sample: 100"
"without-umce","1","2026-09-26T17:13:47.1539815+00:00","100","10074","500","324,9","322,5","486,2","581,5","100","133,6763051441494","6200868864","[19:13:47] [Server thread/INFO]: The game is running, but can't keep up with the target tick rate [19:13:47] [Server thread/INFO]: Target tick rate: 20,0 per second. Average time per tick: 324,9ms (Target: 50,0ms) [19:13:47] [Server thread/INFO]: Percentiles: P50: 322,5ms P95: 486,2ms P99: 581,5ms, sample: 100"
"without-umce","1","2026-09-26T17:13:47.7851382+00:00","100","10074","500","322,9","322,3","486,2","581,5","100","143,03381988683137","6200868864","[19:13:48] [Server thread/INFO]: The game is running, but can't keep up with the target tick rate [19:13:48] [Server thread/INFO]: Target tick rate: 20,0 per second. Average time per tick: 322,9ms (Target: 50,0ms) [19:13:48] [Server thread/INFO]: Percentiles: P50: 322,3ms P95: 486,2ms P99: 581,5ms, sample: 100"
"without-umce","1","2026-09-26T17:13:48.6481830+00:00","100","10074","500","324,5","322,3","486,2","581,5","100","133,5597607103962","6200868864","[19:13:49] [Server thread/INFO]: The game is running, but can't keep up with the target tick rate [19:13:49] [Server thread/INFO]: Target tick rate: 20,0 per second. Average time per tick: 324,5ms (Target: 50,0ms) [19:13:49] [Server thread/INFO]: Percentiles: P50: 322,3ms P95: 486,2ms P99: 581,5ms, sample: 100"
"without-umce","1","2026-09-26T17:13:49.5372281+00:00","100","10074","500","326,5","322,5","486,2","581,5","100","99,23410406036234","6200868864","[19:13:50] [Server thread/INFO]: The game is running, but can't keep up with the target tick rate [19:13:50] [Server thread/INFO]: Target tick rate: 20,0 per second. Average time per tick: 326,5ms (Target: 50,0ms) [19:13:50] [Server thread/INFO]: Percentiles: P50: 322,5ms P95: 486,2ms P99: 581,5ms, sample: 100"
"without-umce","1","2026-09-26T17:13:50.1512940+00:00","100","10074","500","324,2",,,,,"129,02864042904505","6200868864","[19:13:50] [Server thread/INFO]: The game is running, but can't keep up with the target tick rate [19:13:50] [Server thread/INFO]: Target tick rate: 20,0 per second. Average time per tick: 324,2ms (Target: 50,0ms)"
"without-umce","1","2026-09-26T17:13:50.9021215+00:00","100","10074","500","325,6","322,3","486,2","581,5","100","137,88896697244365","6200868864","[19:13:50] [Server thread/INFO]: Percentiles: P50: 322,3ms P95: 486,2ms P99: 581,5ms, sample: 100 [19:13:51] [Server thread/INFO]: The game is running, but can't keep up with the target tick rate [19:13:51] [Server thread/INFO]: Target tick rate: 20,0 per second. Average time per tick: 325,6ms (Target: 50,0ms) [19:13:51] [Server thread/INFO]: Percentiles: P50: 322,3ms P95: 486,2ms P99: 581,5ms, sample: 100"
"without-umce","1","2026-09-26T17:13:51.7973112+00:00","100","10074","500","327,6","322,5","486,2","581,5","100","108,77727142323333","6200868864","[19:13:52] [Server thread/INFO]: The game is running, but can't keep up with the target tick rate [19:13:52] [Server thread/INFO]: Target tick rate: 20,0 per second. Average time per tick: 327,6ms (Target: 50,0ms) [19:13:52] [Server thread/INFO]: Percentiles: P50: 322,5ms P95: 486,2ms P99: 581,5ms, sample: 100"
"without-umce","1","2026-09-26T17:13:52.4149627+00:00","100","10074","500","325,6","322,3","486,2","581,5","100","114,36047475589193","6200868864","[19:13:53] [Server thread/INFO]: The game is running, but can't keep up with the target tick rate [19:13:53] [Server thread/INFO]: Target tick rate: 20,0 per second. Average time per tick: 325,6ms (Target: 50,0ms) [19:13:53] [Server thread/INFO]: Percentiles: P50: 322,3ms P95: 486,2ms P99: 581,5ms, sample: 100"
"without-umce","1","2026-09-26T17:13:53.4396986+00:00","100","10074","500","323,9","319,5","480,5","581,5","100","141,62529346356584","6200868864","[19:13:54] [Server thread/INFO]: The game is running, but can't keep up with the target tick rate [19:13:54] [Server thread/INFO]: Target tick rate: 20,0 per second. Average time per tick: 323,9ms (Target: 50,0ms) [19:13:54] [Server thread/INFO]: Percentiles: P50: 319,5ms P95: 480,5ms P99: 581,5ms, sample: 100"
"without-umce","1","2026-09-26T17:13:54.2229946+00:00","100","10074","500","325,3","322,3","480,5","581,5","100","126,72810499267368","6200868864","[19:13:54] [Server thread/INFO]: The game is running, but can't keep up with the target tick rate [19:13:54] [Server thread/INFO]: Target tick rate: 20,0 per second. Average time per tick: 325,3ms (Target: 50,0ms) [19:13:54] [Server thread/INFO]: Percentiles: P50: 322,3ms P95: 480,5ms P99: 581,5ms, sample: 100"
"without-umce","1","2026-09-26T17:13:54.8394713+00:00","100","10074","500","322,1","319,5","478,3","581,5","100","119,53638489814755","6200868864","[19:13:55] [Server thread/INFO]: The game is running, but can't keep up with the target tick rate [19:13:55] [Server thread/INFO]: Target tick rate: 20,0 per second. Average time per tick: 322,1ms (Target: 50,0ms) [19:13:55] [Server thread/INFO]: Percentiles: P50: 319,5ms P95: 478,3ms P99: 581,5ms, sample: 100"
"without-umce","1","2026-09-26T17:13:55.6106671+00:00","100","10074","500","322,7","319,5","478,3","581,5","100","124,33568497211644","6200868864","[19:13:56] [Server thread/INFO]: The game is running, but can't keep up with the target tick rate [19:13:56] [Server thread/INFO]: Target tick rate: 20,0 per second. Average time per tick: 322,7ms (Target: 50,0ms) [19:13:56] [Server thread/INFO]: Percentiles: P50: 319,5ms P95: 478,3ms P99: 581,5ms, sample: 100"
"without-umce","1","2026-09-26T17:13:56.3521350+00:00","100","10074","500","323,5","319,5","478,3","581,5","100","111,61862362985906","6200868864","[19:13:56] [Server thread/INFO]: The game is running, but can't keep up with the target tick rate [19:13:56] [Server thread/INFO]: Target tick rate: 20,0 per second. Average time per tick: 323,5ms (Target: 50,0ms) [19:13:56] [Server thread/INFO]: Percentiles: P50: 319,5ms P95: 478,3ms P99: 581,5ms, sample: 100"
"without-umce","1","2026-09-26T17:13:56.9820497+00:00","100","10074","500","319,1","318,5","477,2","553,8","100","118,5228106389016","6200868864","[19:13:57] [Server thread/INFO]: The game is running, but can't keep up with the target tick rate [19:13:57] [Server thread/INFO]: Target tick rate: 20,0 per second. Average time per tick: 319,1ms (Target: 50,0ms) [19:13:57] [Server thread/INFO]: Percentiles: P50: 318,5ms P95: 477,2ms P99: 553,8ms, sample: 100"
"without-umce","1","2026-09-26T17:13:57.6280459+00:00","100","10074","500","318,2","317","477,2","553,8","100","140,29742709195983","6200868864","[19:13:58] [Server thread/INFO]: The game is running, but can't keep up with the target tick rate [19:13:58] [Server thread/INFO]: Target tick rate: 20,0 per second. Average time per tick: 318,2ms (Target: 50,0ms) [19:13:58] [Server thread/INFO]: Percentiles: P50: 317,0ms P95: 477,2ms P99: 553,8ms, sample: 100"
"without-umce","1","2026-09-26T17:13:58.4967101+00:00","100","10074","500","317,9","317","477,2","553,8","100","114,03696241389316","6200868864","[19:13:58] [Server thread/INFO]: The game is running, but can't keep up with the target tick rate [19:13:58] [Server thread/INFO]: Target tick rate: 20,0 per second. Average time per tick: 317,9ms (Target: 50,0ms) [19:13:58] [Server thread/INFO]: Percentiles: P50: 317,0ms P95: 477,2ms P99: 553,8ms, sample: 100"
"without-umce","1","2026-09-26T17:13:59.1269847+00:00","100","10074","500","314,3","312,5","474,3","486,2","100","167,14068440078626","6200868864","[19:13:59] [Server thread/INFO]: The game is running, but can't keep up with the target tick rate [19:13:59] [Server thread/INFO]: Target tick rate: 20,0 per second. Average time per tick: 314,3ms (Target: 50,0ms) [19:13:59] [Server thread/INFO]: Percentiles: P50: 312,5ms P95: 474,3ms P99: 486,2ms, sample: 100"
"without-umce","1","2026-09-26T17:13:59.7439962+00:00","100","10074","500","314,8","312,5","474,3","486,2","100","149,17933464425502","6200868864","[19:14:00] [Server thread/INFO]: The game is running, but can't keep up with the target tick rate [19:14:00] [Server thread/INFO]: Target tick rate: 20,0 per second. Average time per tick: 314,8ms (Target: 50,0ms) [19:14:00] [Server thread/INFO]: Percentiles: P50: 312,5ms P95: 474,3ms P99: 486,2ms, sample: 100"
"without-umce","1","2026-09-26T17:14:00.4981054+00:00","100","10074","500","316,2","312,5","474,3","486,2","100","124,27315313134817","6200868864","[19:14:01] [Server thread/INFO]: The game is running, but can't keep up with the target tick rate [19:14:01] [Server thread/INFO]: Target tick rate: 20,0 per second. Average time per tick: 316,2ms (Target: 50,0ms) [19:14:01] [Server thread/INFO]: Percentiles: P50: 312,5ms P95: 474,3ms P99: 486,2ms, sample: 100"
"without-umce","1","2026-09-26T17:14:01.1393808+00:00","100","10074","500","313,7","311,6","474,3","486,2","100","131,48433087832407","6200868864","[19:14:01] [Server thread/INFO]: The game is running, but can't keep up with the target tick rate [19:14:01] [Server thread/INFO]: Target tick rate: 20,0 per second. Average time per tick: 313,7ms (Target: 50,0ms) [19:14:01] [Server thread/INFO]: Percentiles: P50: 311,6ms P95: 474,3ms P99: 486,2ms, sample: 100"
"without-umce","1","2026-09-26T17:14:01.7691678+00:00","100","10074","500","314,8","311,6","474,3","486,2","100","132,91825620286303","6200868864","[19:14:02] [Server thread/INFO]: The game is running, but can't keep up with the target tick rate [19:14:02] [Server thread/INFO]: Target tick rate: 20,0 per second. Average time per tick: 314,8ms (Target: 50,0ms) [19:14:02] [Server thread/INFO]: Percentiles: P50: 311,6ms P95: 474,3ms P99: 486,2ms, sample: 100"
"with-umce","1","2026-09-26T17:15:05.4836200+00:00","100","10074","500","119,6","98,2","291,4","383","100","103,55313221229711","6338535424","[19:15:10] [Server thread/INFO]: The game is running, but can't keep up with the target tick rate [19:15:10] [Server thread/INFO]: Target tick rate: 20,0 per second. Average time per tick: 119,6ms (Target: 50,0ms) [19:15:10] [Server thread/INFO]: Percentiles: P50: 98,2ms P95: 291,4ms P99: 383,0ms, sample: 100"
"with-umce","1","2026-09-26T17:15:10.7414838+00:00","100","10074","500","120,7","98,6","291,4","383","100","101,16316711876136","6338535424","[19:15:13] [Server thread/INFO]: The game is running, but can't keep up with the target tick rate [19:15:13] [Server thread/INFO]: Target tick rate: 20,0 per second. Average time per tick: 120,7ms (Target: 50,0ms) [19:15:13] [Server thread/INFO]: Percentiles: P50: 98,6ms P95: 291,4ms P99: 383,0ms, sample: 100"
"with-umce","1","2026-09-26T17:15:13.8700522+00:00","100","10074","500","121,7","99,4","291,4","383","100","104,89373565286795","6338535424","[19:15:17] [Server thread/INFO]: The game is running, but can't keep up with the target tick rate [19:15:17] [Server thread/INFO]: Target tick rate: 20,0 per second. Average time per tick: 121,7ms (Target: 50,0ms) [19:15:17] [Server thread/INFO]: Percentiles: P50: 99,4ms P95: 291,4ms P99: 383,0ms, sample: 100"
"with-umce","1","2026-09-26T17:15:17.8920529+00:00","100","10074","500","123,1","99,6","291,4","383","100","106,64908186104442","6338535424","[19:15:20] [Server thread/WARN]: stress062 moved too quickly! 0.0,0.0,10.132252940281035 [19:15:20] [Server thread/WARN]: stress086 moved too quickly! 0.0,0.0,10.157732940281022 [19:15:21] [Server thread/INFO]: The game is running, but can't keep up with the target tick rate [19:15:21] [Server thread/INFO]: Target tick rate: 20,0 per second. Average time per tick: 123,1ms (Target: 50,0ms) [19:15:21] [Server thread/INFO]: Percentiles: P50: 99,6ms P95: 291,4ms P99: 383,0ms, sample: 100"
"with-umce","1","2026-09-26T17:15:21.0272690+00:00","100","10074","500","124,3","100,6","291,4","383","100","103,80972699990633","6338535424","[19:15:29] [Server thread/INFO]: The game is running, but can't keep up with the target tick rate [19:15:29] [Server thread/INFO]: Target tick rate: 20,0 per second. Average time per tick: 124,3ms (Target: 50,0ms) [19:15:29] [Server thread/INFO]: Percentiles: P50: 100,6ms P95: 291,4ms P99: 383,0ms, sample: 100"
"with-umce","1","2026-09-26T17:15:29.3206503+00:00","100","10074","500","125,1","100,8","291,4","383","100","105,44897944368714","6338535424","[19:15:33] [Server thread/INFO]: The game is running, but can't keep up with the target tick rate [19:15:33] [Server thread/INFO]: Target tick rate: 20,0 per second. Average time per tick: 125,1ms (Target: 50,0ms) [19:15:33] [Server thread/INFO]: Percentiles: P50: 100,8ms P95: 291,4ms P99: 383,0ms, sample: 100"
"with-umce","1","2026-09-26T17:15:33.8252062+00:00","100","10074","500","126,2","102,2","291,4","383","100","104,04204483411881","6338535424","[19:15:39] [Server thread/INFO]: The game is running, but can't keep up with the target tick rate [19:15:39] [Server thread/INFO]: Target tick rate: 20,0 per second. Average time per tick: 126,2ms (Target: 50,0ms) [19:15:39] [Server thread/INFO]: Percentiles: P50: 102,2ms P95: 291,4ms P99: 383,0ms, sample: 100"
"with-umce","1","2026-09-26T17:15:39.2016586+00:00","100","10074","500","127,1","106,3","291,4","383","100","104,3361234957674","6338535424","[19:15:42] [Server thread/INFO]: The game is running, but can't keep up with the target tick rate [19:15:42] [Server thread/INFO]: Target tick rate: 20,0 per second. Average time per tick: 127,1ms (Target: 50,0ms) [19:15:42] [Server thread/INFO]: Percentiles: P50: 106,3ms P95: 291,4ms P99: 383,0ms, sample: 100"
"with-umce","1","2026-09-26T17:15:42.9605412+00:00","100","10074","500","127,6","107,3","291,4","383","100","101,00047406435952","6338535424","[19:15:54] [Server thread/INFO]: The game is running, but can't keep up with the target tick rate [19:15:54] [Server thread/INFO]: Target tick rate: 20,0 per second. Average time per tick: 127,6ms (Target: 50,0ms) [19:15:54] [Server thread/INFO]: Percentiles: P50: 107,3ms P95: 291,4ms P99: 383,0ms, sample: 100"
"with-umce","1","2026-09-26T17:15:54.2383414+00:00","100","10074","500","128,6","109,4","291,4","383","100","106,75933743313016","6338535424","[19:15:58] [Server thread/INFO]: The game is running, but can't keep up with the target tick rate [19:15:58] [Server thread/INFO]: Target tick rate: 20,0 per second. Average time per tick: 128,6ms (Target: 50,0ms) [19:15:58] [Server thread/INFO]: Percentiles: P50: 109,4ms P95: 291,4ms P99: 383,0ms, sample: 100"
"with-umce","1","2026-09-26T17:15:58.9949383+00:00","100","10074","500","129,4","110,1","291,4","383","100","101,62675158800123","6338535424","[19:16:05] [Server thread/INFO]: The game is running, but can't keep up with the target tick rate [19:16:05] [Server thread/INFO]: Target tick rate: 20,0 per second. Average time per tick: 129,4ms (Target: 50,0ms) [19:16:05] [Server thread/INFO]: Percentiles: P50: 110,1ms P95: 291,4ms P99: 383,0ms, sample: 100"
"with-umce","1","2026-09-26T17:16:05.2832542+00:00","100","10074","500","129,9","113,8","291,4","383","100","102,77835395744319","6338535424","[19:16:11] [Server thread/INFO]: The game is running, but can't keep up with the target tick rate [19:16:11] [Server thread/INFO]: Target tick rate: 20,0 per second. Average time per tick: 129,9ms (Target: 50,0ms) [19:16:11] [Server thread/INFO]: Percentiles: P50: 113,8ms P95: 291,4ms P99: 383,0ms, sample: 100"
