time_utc,observed_allocated_bytes,server_thread_allocated_bytes,gc_collections,gc_collection_time_ms
2026-09-30T13:01:47.004311600Z,4528464,-1,0,0
2026-09-30T13:01:48.034131100Z,63810320,-1,3,3
2026-09-30T13:01:49.046045100Z,276008672,-1,5,12
2026-09-30T13:01:50.061259100Z,405707328,-1,8,18
2026-09-30T13:01:51.068255500Z,726061136,-1,8,18
2026-09-30T13:01:52.077825Z,1109097968,-1,9,30
2026-09-30T13:01:53.092686700Z,1332253432,-1,13,54
2026-09-30T13:01:54.107676600Z,1656603328,-1,13,54
2026-09-30T13:01:55.120106300Z,1849852456,-1,14,64
2026-09-30T13:01:56.132650Z,2294785848,-1,15,75
2026-09-30T13:01:57.147725200Z,2382224800,79998992,17,90
2026-09-30T13:01:58.158280200Z,2568050592,160435752,18,90
2026-09-30T13:01:59.167365Z,2868976456,366515056,18,90
2026-09-30T13:02:00.177274700Z,3007197656,501750336,19,108
2026-09-30T13:02:01.183914800Z,3318820176,803001184,19,108
2026-09-30T13:02:02.196667400Z,3652308512,1130375136,20,127
2026-09-30T13:02:03.211487100Z,4001211080,1471062768,20,127
2026-09-30T13:02:04.222600Z,4416400904,1876084056,20,127
2026-09-30T13:02:05.232594600Z,4792838896,2244258784,21,139
2026-09-30T13:02:06.242307700Z,5216729568,2658295816,21,139
2026-09-30T13:02:07.256014Z,5529537752,2965094408,22,149
2026-09-30T13:02:08.271006900Z,5843535296,3272984776,22,149
2026-09-30T13:02:09.280902100Z,6146176840,3569726360,22,149
2026-09-30T13:02:10.295791600Z,6457569992,3876908336,22,149
2026-09-30T13:02:11.309059900Z,6770401544,4185408080,23,155
2026-09-30T13:02:12.323755300Z,7089978272,4499571520,23,155
2026-09-30T13:02:13.325960600Z,7411832408,4816378400,23,155
2026-09-30T13:02:14.336286700Z,7764073632,5163796408,24,161
2026-09-30T13:02:15.346855200Z,8130885224,5524579776,24,161
2026-09-30T13:02:16.362503Z,8465965344,5855134936,24,161
2026-09-30T13:02:17.376871700Z,8781066280,6167497608,24,161
2026-09-30T13:02:18.377773600Z,9089925920,6472645384,25,169
2026-09-30T13:02:19.389875200Z,9391811232,6771963432,25,169
2026-09-30T13:02:20.401664200Z,9701496552,7079336784,25,169
2026-09-30T13:02:21.413638900Z,10011818504,7385851560,25,169
2026-09-30T13:02:22.414143200Z,10318778384,7689502600,26,176
2026-09-30T13:02:23.425303Z,10628229320,7996535512,26,176
2026-09-30T13:02:24.427325900Z,10955536984,8319773232,26,176
2026-09-30T13:02:25.440941100Z,11295614136,8655741088,26,176
2026-09-30T13:02:26.452647800Z,11619928032,8977603056,27,184
2026-09-30T13:02:27.455889700Z,11927285544,9281693624,27,184
